{"resourceType":"StructureDefinition","id":"participant-uv-ips","text":{"status":"generated","div":"<div xmlns=\"http://www.w3.org/1999/xhtml\">This extension is based on the C-CDA on FHIR Participant Extension. \r\nIt has been defined to capture the preferred practitioner ( with its role ) or the organization to be contacted, represented \r\nin the IPS CDA with an indirect participant in the header.</div>"},"url":"http://hl7.org/fhir/uv/ips/StructureDefinition/participant-uv-ips","version":"0.3.0","name":"ParticipantUvIps","title":"Participant","status":"draft","date":"2017-12-14T17:54:03+00:00","publisher":"HL7 International","description":"This extension is based on the C-CDA on FHIR Participant Extension. \r\nIt has been defined to capture the preferred practitioner ( with its role ) or the organization to be contacted, represented \r\nin the IPS CDA with an indirect participant in the header.","jurisdiction":[{"coding":[{"system":"http://unstats.un.org/unsd/methods/m49/m49.htm","code":"001","display":"World"}]}],"fhirVersion":"4.0.0","mapping":[{"identity":"rim","uri":"http://hl7.org/v3","name":"RIM Mapping"}],"kind":"complex-type","abstract":false,"context":[{"type":"element","expression":"Composition"}],"type":"Extension","baseDefinition":"http://hl7.org/fhir/StructureDefinition/Extension","derivation":"constraint","snapshot":{"element":[{"id":"Extension","extension":[{"url":"http://hl7.org/fhir/StructureDefinition/structuredefinition-standards-status","valueCode":"normative"},{"url":"http://hl7.org/fhir/StructureDefinition/structuredefinition-normative-version","valueCode":"4.0.0"}],"path":"Extension","short":"Optional Extensions Element","definition":"Optional Extension Element - found in all resources.","min":0,"max":"*","base":{"path":"Extension","min":0,"max":"*"},"condition":["ele-1"],"constraint":[{"key":"ele-1","severity":"error","human":"All FHIR elements must have a @value or children","expression":"hasValue() or (children().count() > id.count())","xpath":"@value|f:*|h:div","source":"Element"},{"key":"ext-1","severity":"error","human":"Must have either extensions or value[x], not both","expression":"extension.exists() != value.exists()","xpath":"exists(f:extension)!=exists(f:*[starts-with(local-name(.), 'value')])"}],"isModifier":false,"mapping":[{"identity":"rim","map":"n/a"},{"identity":"rim","map":"N/A"}]},{"id":"Extension.id","path":"Extension.id","representation":["xmlAttr"],"short":"Unique id for inter-element referencing","definition":"Unique id for the element within a resource (for internal references). This may be any string value that does not contain spaces.","min":0,"max":"1","base":{"path":"Element.id","min":0,"max":"1"},"type":[{"code":"string"}],"isModifier":false,"isSummary":false,"mapping":[{"identity":"rim","map":"n/a"}]},{"id":"Extension.extension","path":"Extension.extension","slicing":{"discriminator":[{"type":"value","path":"url"}],"description":"Extensions are always sliced by (at least) url","rules":"open"},"short":"Additional content defined by implementations","definition":"May be used to represent additional information that is not part of the basic definition of the element. To make the use of extensions safe and manageable, there is a strict set of governance  applied to the definition and use of extensions. Though any implementer can define an extension, there is a set of requirements that SHALL be met as part of the definition of the extension.","comment":"There can be no stigma associated with the use of extensions by any application, project, or standard - regardless of the institution or jurisdiction that uses or defines the extensions.  The use of extensions is what allows the FHIR specification to retain a core level of simplicity for everyone.","alias":["extensions","user content"],"min":0,"max":"*","base":{"path":"Element.extension","min":0,"max":"*"},"type":[{"code":"Extension"}],"isModifier":false,"isSummary":false,"mapping":[{"identity":"rim","map":"n/a"}]},{"id":"Extension.url","path":"Extension.url","representation":["xmlAttr"],"short":"identifies the meaning of the extension","definition":"Source of the definition for the extension code - a logical name or a URL.","comment":"The definition may point directly to a computable or human-readable definition of the extensibility codes, or it may be a logical URI as declared in some other specification. The definition SHALL be a URI for the Structure Definition defining the extension.","min":1,"max":"1","base":{"path":"Extension.url","min":1,"max":"1"},"type":[{"_code":{"extension":[{"url":"http://hl7.org/fhir/StructureDefinition/structuredefinition-json-type","valueString":"string"},{"url":"http://hl7.org/fhir/StructureDefinition/structuredefinition-xml-type","valueString":"xsd:string"},{"url":"http://hl7.org/fhir/StructureDefinition/structuredefinition-rdf-type","valueString":"xsd:string"},{"url":"http://hl7.org/fhir/StructureDefinition/regex","valueString":"((http|https)://([A-Za-z0-9\\\\\\.\\:\\%\\$]*\\/)*)?(Account|ActivityDefinition|AdverseEvent|AllergyIntolerance|Appointment|AppointmentResponse|AuditEvent|Basic|Binary|BiologicallyDerivedProduct|BodyStructure|Bundle|CapabilityStatement|CarePlan|CareTeam|CatalogEntry|ChargeItem|ChargeItemDefinition|Claim|ClaimResponse|ClinicalImpression|CodeSystem|Communication|CommunicationRequest|CompartmentDefinition|Composition|ConceptMap|Condition|Consent|Contract|Coverage|CoverageEligibilityRequest|CoverageEligibilityResponse|DetectedIssue|Device|DeviceDefinition|DeviceMetric|DeviceRequest|DeviceUseStatement|DiagnosticReport|DocumentManifest|DocumentReference|EffectEvidenceSynthesis|Encounter|Endpoint|EnrollmentRequest|EnrollmentResponse|EpisodeOfCare|EventDefinition|Evidence|EvidenceVariable|ExampleScenario|ExplanationOfBenefit|FamilyMemberHistory|Flag|Goal|GraphDefinition|Group|GuidanceResponse|HealthcareService|ImagingStudy|Immunization|ImmunizationEvaluation|ImmunizationRecommendation|ImplementationGuide|InsurancePlan|Invoice|Library|Linkage|List|Location|Measure|MeasureReport|Media|Medication|MedicationAdministration|MedicationDispense|MedicationKnowledge|MedicationRequest|MedicationStatement|MedicinalProduct|MedicinalProductAuthorization|MedicinalProductContraindication|MedicinalProductIndication|MedicinalProductIngredient|MedicinalProductInteraction|MedicinalProductManufactured|MedicinalProductPackaged|MedicinalProductPharmaceutical|MedicinalProductUndesirableEffect|MessageDefinition|MessageHeader|MolecularSequence|NamingSystem|NutritionOrder|Observation|ObservationDefinition|OperationDefinition|OperationOutcome|Organization|OrganizationAffiliation|Patient|PaymentNotice|PaymentReconciliation|Person|PlanDefinition|Practitioner|PractitionerRole|Procedure|Provenance|Questionnaire|QuestionnaireResponse|RelatedPerson|RequestGroup|ResearchDefinition|ResearchElementDefinition|ResearchStudy|ResearchSubject|RiskAssessment|RiskEvidenceSynthesis|Schedule|SearchParameter|ServiceRequest|Slot|Specimen|SpecimenDefinition|StructureDefinition|StructureMap|Subscription|Substance|SubstanceNucleicAcid|SubstancePolymer|SubstanceProtein|SubstanceReferenceInformation|SubstanceSourceMaterial|SubstanceSpecification|SupplyDelivery|SupplyRequest|Task|TerminologyCapabilities|TestReport|TestScript|ValueSet|VerificationResult|VisionPrescription)\\/[A-Za-z0-9\\-\\.]{1,64}(\\/_history\\/[A-Za-z0-9\\-\\.]{1,64})?"}]}}],"fixedUri":"http://hl7.org/fhir/uv/ips/StructureDefinition/participant-uv-ips","mustSupport":true,"isModifier":false,"isSummary":false,"mapping":[{"identity":"rim","map":"N/A"}]},{"id":"Extension.value[x]","path":"Extension.value[x]","slicing":{"discriminator":[{"type":"type","path":"$this"}],"ordered":false,"rules":"closed"},"short":"Value of extension","definition":"Value of extension - must be one of a constrained set of the data types (see [Extensibility](http://hl7.org/fhir/R4/extensibility.html) for a list).","min":0,"max":"1","base":{"path":"Extension.value[x]","min":0,"max":"1"},"type":[{"code":"Reference"}],"isModifier":false,"isSummary":false,"mapping":[{"identity":"rim","map":"N/A"}]},{"id":"Extension.value[x]:valueReference","path":"Extension.value[x]","sliceName":"valueReference","short":"Value of extension","definition":"Value of extension - must be one of a constrained set of the data types (see [Extensibility](http://hl7.org/fhir/R4/extensibility.html) for a list).","min":0,"max":"1","base":{"path":"Extension.value[x]","min":0,"max":"1"},"type":[{"code":"Reference","targetProfile":["http://hl7.org/fhir/StructureDefinition/PractitionerRole","http://hl7.org/fhir/StructureDefinition/Organization"]}],"mustSupport":true,"isModifier":false,"isSummary":false,"mapping":[{"identity":"rim","map":"N/A"}]}]},"differential":{"element":[{"id":"Extension.url","path":"Extension.url","fixedUri":"http://hl7.org/fhir/uv/ips/StructureDefinition/participant-uv-ips","mustSupport":true},{"id":"Extension.valueReference:valueReference","path":"Extension.valueReference","sliceName":"valueReference","type":[{"code":"Reference","targetProfile":["http://hl7.org/fhir/StructureDefinition/PractitionerRole","http://hl7.org/fhir/StructureDefinition/Organization"]}],"mustSupport":true}]}}