{"resourceType":"StructureDefinition","id":"Range-uv-ips","text":{"status":"generated","div":"<div xmlns=\"http://www.w3.org/1999/xhtml\">Range constrained to UCUM as codesystem.</div>"},"url":"http://hl7.org/fhir/uv/ips/StructureDefinition/Range-uv-ips","version":"0.3.0","name":"RangeUvIps","title":"Range","status":"draft","experimental":true,"date":"2018-03-21T13:43:39+00:00","description":"Range constrained to UCUM as codesystem.","jurisdiction":[{"coding":[{"system":"http://unstats.un.org/unsd/methods/m49/m49.htm","code":"001","display":"World"}]}],"purpose":"requires UCUM as codesystem for units","fhirVersion":"4.0.0","mapping":[{"identity":"v2","uri":"http://hl7.org/v2","name":"HL7 v2 Mapping"},{"identity":"rim","uri":"http://hl7.org/v3","name":"RIM Mapping"}],"kind":"complex-type","abstract":false,"type":"Range","baseDefinition":"http://hl7.org/fhir/StructureDefinition/Range","derivation":"constraint","snapshot":{"element":[{"id":"Range","path":"Range","short":"Set of values bounded by low and high","definition":"A set of ordered Quantities defined by a low and high limit.","comment":"The stated low and high value are assumed to have arbitrarily high precision when it comes to determining which values are in the range. I.e. 1.99 is not in the range 2 -> 3.","min":0,"max":"*","base":{"path":"Range","min":0,"max":"*"},"condition":["ele-1"],"constraint":[{"key":"ele-1","severity":"error","human":"All FHIR elements must have a @value or children","expression":"hasValue() or (children().count() > id.count())","xpath":"@value|f:*|h:div","source":"Element"},{"key":"rng-2","severity":"error","human":"If present, low SHALL have a lower value than high","expression":"low.empty() or high.empty() or (low <= high)","xpath":"not(exists(f:low/f:value/@value)) or not(exists(f:high/f:value/@value)) or (number(f:low/f:value/@value) <= number(f:high/f:value/@value))","source":"Range"}],"mustSupport":true,"isModifier":false,"mapping":[{"identity":"rim","map":"n/a"},{"identity":"v2","map":"NR and also possibly SN (but see also quantity)"},{"identity":"rim","map":"IVL<QTY[not(type=\"TS\")]> [lowClosed=\"true\" and highClosed=\"true\"]or URG<QTY[not(type=\"TS\")]>"}]},{"id":"Range.id","path":"Range.id","representation":["xmlAttr"],"short":"Unique id for inter-element referencing","definition":"Unique id for the element within a resource (for internal references). This may be any string value that does not contain spaces.","min":0,"max":"1","base":{"path":"Element.id","min":0,"max":"1"},"type":[{"code":"string"}],"isModifier":false,"isSummary":false,"mapping":[{"identity":"rim","map":"n/a"}]},{"id":"Range.extension","path":"Range.extension","slicing":{"discriminator":[{"type":"value","path":"url"}],"description":"Extensions are always sliced by (at least) url","rules":"open"},"short":"Additional content defined by implementations","definition":"May be used to represent additional information that is not part of the basic definition of the element. To make the use of extensions safe and manageable, there is a strict set of governance  applied to the definition and use of extensions. Though any implementer can define an extension, there is a set of requirements that SHALL be met as part of the definition of the extension.","comment":"There can be no stigma associated with the use of extensions by any application, project, or standard - regardless of the institution or jurisdiction that uses or defines the extensions.  The use of extensions is what allows the FHIR specification to retain a core level of simplicity for everyone.","alias":["extensions","user content"],"min":0,"max":"*","base":{"path":"Element.extension","min":0,"max":"*"},"type":[{"code":"Extension"}],"isModifier":false,"isSummary":false,"mapping":[{"identity":"rim","map":"n/a"}]},{"id":"Range.low","path":"Range.low","short":"Low limit","definition":"The low limit. The boundary is inclusive.","comment":"If the low element is missing, the low boundary is not known.","min":0,"max":"1","base":{"path":"Range.low","min":0,"max":"1"},"type":[{"code":"Quantity","profile":["http://hl7.org/fhir/StructureDefinition/SimpleQuantity"]}],"mustSupport":true,"isModifier":false,"isSummary":true,"mapping":[{"identity":"v2","map":"NR.1"},{"identity":"rim","map":"./low"}]},{"id":"Range.low.id","path":"Range.low.id","representation":["xmlAttr"],"short":"Unique id for inter-element referencing","definition":"Unique id for the element within a resource (for internal references). This may be any string value that does not contain spaces.","min":0,"max":"1","base":{"path":"Element.id","min":0,"max":"1"},"type":[{"code":"string"}],"isModifier":false,"isSummary":false,"mapping":[{"identity":"rim","map":"n/a"}]},{"id":"Range.low.extension","path":"Range.low.extension","slicing":{"discriminator":[{"type":"value","path":"url"}],"description":"Extensions are always sliced by (at least) url","rules":"open"},"short":"Additional content defined by implementations","definition":"May be used to represent additional information that is not part of the basic definition of the element. To make the use of extensions safe and manageable, there is a strict set of governance  applied to the definition and use of extensions. Though any implementer can define an extension, there is a set of requirements that SHALL be met as part of the definition of the extension.","comment":"There can be no stigma associated with the use of extensions by any application, project, or standard - regardless of the institution or jurisdiction that uses or defines the extensions.  The use of extensions is what allows the FHIR specification to retain a core level of simplicity for everyone.","alias":["extensions","user content"],"min":0,"max":"*","base":{"path":"Element.extension","min":0,"max":"*"},"type":[{"code":"Extension"}],"isModifier":false,"isSummary":false,"mapping":[{"identity":"rim","map":"n/a"}]},{"id":"Range.low.value","path":"Range.low.value","short":"Numerical value (with implicit precision)","definition":"The value of the measured amount. The value includes an implicit precision in the presentation of the value.","comment":"The implicit precision in the value should always be honored. Monetary values have their own rules for handling precision (refer to standard accounting text books).","requirements":"Precision is handled implicitly in almost all cases of measurement.","min":0,"max":"1","base":{"path":"Quantity.value","min":0,"max":"1"},"type":[{"code":"decimal"}],"isModifier":false,"isSummary":true,"mapping":[{"identity":"v2","map":"SN.2  / CQ - N/A"},{"identity":"rim","map":"PQ.value, CO.value, MO.value, IVL.high or IVL.low depending on the value"}]},{"id":"Range.low.comparator","path":"Range.low.comparator","short":"< | <= | >= | > - how to understand the value","definition":"Not allowed to be used in this context","requirements":"Need a framework for handling measures where the value is <5ug/L or >400mg/L due to the limitations of measuring methodology.","min":0,"max":"0","base":{"path":"Quantity.comparator","min":0,"max":"1"},"type":[{"code":"code"}],"meaningWhenMissing":"If there is no comparator, then there is no modification of the value","isModifier":true,"isModifierReason":"This is labeled as \"Is Modifier\" because the comparator modifies the interpretation of the value significantly. If there is no comparator, then there is no modification of the value","isSummary":true,"binding":{"extension":[{"url":"http://hl7.org/fhir/StructureDefinition/elementdefinition-bindingName","valueString":"QuantityComparator"}],"strength":"required","description":"How the Quantity should be understood and represented.","valueSet":"http://hl7.org/fhir/ValueSet/quantity-comparator|4.0.0"},"mapping":[{"identity":"v2","map":"SN.1  / CQ.1"},{"identity":"rim","map":"IVL properties"}]},{"id":"Range.low.unit","extension":[{"url":"http://hl7.org/fhir/StructureDefinition/elementdefinition-translatable","valueBoolean":true}],"path":"Range.low.unit","short":"Unit representation","definition":"A human-readable form of the unit.","requirements":"There are many representations for units of measure and in many contexts, particular representations are fixed and required. I.e. mcg for micrograms.","min":0,"max":"1","base":{"path":"Quantity.unit","min":0,"max":"1"},"type":[{"code":"string"}],"isModifier":false,"isSummary":true,"mapping":[{"identity":"v2","map":"(see OBX.6 etc.) / CQ.2"},{"identity":"rim","map":"PQ.unit"}]},{"id":"Range.low.system","path":"Range.low.system","short":"System that defines coded unit form","definition":"The identification of the system that provides the coded form of the unit.","requirements":"Need to know the system that defines the coded form of the unit.","min":1,"max":"1","base":{"path":"Quantity.system","min":0,"max":"1"},"type":[{"code":"uri"}],"fixedUri":"http://unitsofmeasure.org","condition":["qty-3"],"mustSupport":true,"isModifier":false,"isSummary":true,"mapping":[{"identity":"v2","map":"(see OBX.6 etc.) / CQ.2"},{"identity":"rim","map":"CO.codeSystem, PQ.translation.codeSystem"}]},{"id":"Range.low.code","path":"Range.low.code","short":"Coded form of the unit","definition":"A computer processable form of the unit in some unit representation system.","comment":"The preferred system is UCUM, but SNOMED CT can also be used (for customary units) or ISO 4217 for currency.  The context of use may additionally require a code from a particular system.","requirements":"Need a computable form of the unit that is fixed across all forms. UCUM provides this for quantities, but SNOMED CT provides many units of interest.","min":1,"max":"1","base":{"path":"Quantity.code","min":0,"max":"1"},"type":[{"code":"code"}],"mustSupport":true,"isModifier":false,"isSummary":true,"mapping":[{"identity":"v2","map":"(see OBX.6 etc.) / CQ.2"},{"identity":"rim","map":"PQ.code, MO.currency, PQ.translation.code"}]},{"id":"Range.high","path":"Range.high","short":"High limit","definition":"The high limit. The boundary is inclusive.","comment":"If the high element is missing, the high boundary is not known.","min":0,"max":"1","base":{"path":"Range.high","min":0,"max":"1"},"type":[{"code":"Quantity","profile":["http://hl7.org/fhir/StructureDefinition/SimpleQuantity"]}],"mustSupport":true,"isModifier":false,"isSummary":true,"mapping":[{"identity":"v2","map":"NR.2"},{"identity":"rim","map":"./high"}]},{"id":"Range.high.id","path":"Range.high.id","representation":["xmlAttr"],"short":"Unique id for inter-element referencing","definition":"Unique id for the element within a resource (for internal references). This may be any string value that does not contain spaces.","min":0,"max":"1","base":{"path":"Element.id","min":0,"max":"1"},"type":[{"code":"string"}],"isModifier":false,"isSummary":false,"mapping":[{"identity":"rim","map":"n/a"}]},{"id":"Range.high.extension","path":"Range.high.extension","slicing":{"discriminator":[{"type":"value","path":"url"}],"description":"Extensions are always sliced by (at least) url","rules":"open"},"short":"Additional content defined by implementations","definition":"May be used to represent additional information that is not part of the basic definition of the element. To make the use of extensions safe and manageable, there is a strict set of governance  applied to the definition and use of extensions. Though any implementer can define an extension, there is a set of requirements that SHALL be met as part of the definition of the extension.","comment":"There can be no stigma associated with the use of extensions by any application, project, or standard - regardless of the institution or jurisdiction that uses or defines the extensions.  The use of extensions is what allows the FHIR specification to retain a core level of simplicity for everyone.","alias":["extensions","user content"],"min":0,"max":"*","base":{"path":"Element.extension","min":0,"max":"*"},"type":[{"code":"Extension"}],"isModifier":false,"isSummary":false,"mapping":[{"identity":"rim","map":"n/a"}]},{"id":"Range.high.value","path":"Range.high.value","short":"Numerical value (with implicit precision)","definition":"The value of the measured amount. The value includes an implicit precision in the presentation of the value.","comment":"The implicit precision in the value should always be honored. Monetary values have their own rules for handling precision (refer to standard accounting text books).","requirements":"Precision is handled implicitly in almost all cases of measurement.","min":0,"max":"1","base":{"path":"Quantity.value","min":0,"max":"1"},"type":[{"code":"decimal"}],"isModifier":false,"isSummary":true,"mapping":[{"identity":"v2","map":"SN.2  / CQ - N/A"},{"identity":"rim","map":"PQ.value, CO.value, MO.value, IVL.high or IVL.low depending on the value"}]},{"id":"Range.high.comparator","path":"Range.high.comparator","short":"< | <= | >= | > - how to understand the value","definition":"Not allowed to be used in this context","requirements":"Need a framework for handling measures where the value is <5ug/L or >400mg/L due to the limitations of measuring methodology.","min":0,"max":"0","base":{"path":"Quantity.comparator","min":0,"max":"1"},"type":[{"code":"code"}],"meaningWhenMissing":"If there is no comparator, then there is no modification of the value","isModifier":true,"isModifierReason":"This is labeled as \"Is Modifier\" because the comparator modifies the interpretation of the value significantly. If there is no comparator, then there is no modification of the value","isSummary":true,"binding":{"extension":[{"url":"http://hl7.org/fhir/StructureDefinition/elementdefinition-bindingName","valueString":"QuantityComparator"}],"strength":"required","description":"How the Quantity should be understood and represented.","valueSet":"http://hl7.org/fhir/ValueSet/quantity-comparator|4.0.0"},"mapping":[{"identity":"v2","map":"SN.1  / CQ.1"},{"identity":"rim","map":"IVL properties"}]},{"id":"Range.high.unit","extension":[{"url":"http://hl7.org/fhir/StructureDefinition/elementdefinition-translatable","valueBoolean":true}],"path":"Range.high.unit","short":"Unit representation","definition":"A human-readable form of the unit.","requirements":"There are many representations for units of measure and in many contexts, particular representations are fixed and required. I.e. mcg for micrograms.","min":0,"max":"1","base":{"path":"Quantity.unit","min":0,"max":"1"},"type":[{"code":"string"}],"isModifier":false,"isSummary":true,"mapping":[{"identity":"v2","map":"(see OBX.6 etc.) / CQ.2"},{"identity":"rim","map":"PQ.unit"}]},{"id":"Range.high.system","path":"Range.high.system","short":"System that defines coded unit form","definition":"The identification of the system that provides the coded form of the unit.","requirements":"Need to know the system that defines the coded form of the unit.","min":1,"max":"1","base":{"path":"Quantity.system","min":0,"max":"1"},"type":[{"code":"uri"}],"fixedUri":"http://unitsofmeasure.org","condition":["qty-3"],"mustSupport":true,"isModifier":false,"isSummary":true,"mapping":[{"identity":"v2","map":"(see OBX.6 etc.) / CQ.2"},{"identity":"rim","map":"CO.codeSystem, PQ.translation.codeSystem"}]},{"id":"Range.high.code","path":"Range.high.code","short":"Coded form of the unit","definition":"A computer processable form of the unit in some unit representation system.","comment":"The preferred system is UCUM, but SNOMED CT can also be used (for customary units) or ISO 4217 for currency.  The context of use may additionally require a code from a particular system.","requirements":"Need a computable form of the unit that is fixed across all forms. UCUM provides this for quantities, but SNOMED CT provides many units of interest.","min":1,"max":"1","base":{"path":"Quantity.code","min":0,"max":"1"},"type":[{"code":"code"}],"mustSupport":true,"isModifier":false,"isSummary":true,"mapping":[{"identity":"v2","map":"(see OBX.6 etc.) / CQ.2"},{"identity":"rim","map":"PQ.code, MO.currency, PQ.translation.code"}]}]},"differential":{"element":[{"id":"Range","path":"Range","mustSupport":true},{"id":"Range.low","path":"Range.low","mustSupport":true},{"id":"Range.low.system","path":"Range.low.system","min":1,"fixedUri":"http://unitsofmeasure.org","mustSupport":true},{"id":"Range.low.code","path":"Range.low.code","min":1,"mustSupport":true},{"id":"Range.high","path":"Range.high","mustSupport":true},{"id":"Range.high.system","path":"Range.high.system","min":1,"fixedUri":"http://unitsofmeasure.org","mustSupport":true},{"id":"Range.high.code","path":"Range.high.code","min":1,"mustSupport":true}]}}