{"resourceType":"StructureDefinition","id":"DeviceUseStatement-uv-ips","meta":{"lastUpdated":"2018-02-14T19:25:36.732+00:00"},"text":{"status":"generated","div":"<div xmlns=\"http://www.w3.org/1999/xhtml\">This profile represents the constraints applied to the DeviceUseStatement resource by the International Patient Summary (IPS) FHIR Implementation Guide, based on FHIR R4. A statement about a device used by or implanted on the patient is described in the patient summary as an instance of a DeviceUseStatement resource constrained by this profile.</div>"},"url":"http://hl7.org/fhir/uv/ips/StructureDefinition/DeviceUseStatement-uv-ips","version":"0.3.0","name":"DeviceUseStatementUvIps","title":"Device Use Statement (IPS)","status":"draft","experimental":true,"date":"2018-02-14T00:00:00+00:00","publisher":"HL7 International","description":"This profile represents the constraints applied to the DeviceUseStatement resource by the International Patient Summary (IPS) FHIR Implementation Guide, based on FHIR R4. A statement about a device used by or implanted on the patient is described in the patient summary as an instance of a DeviceUseStatement resource constrained by this profile.","jurisdiction":[{"coding":[{"system":"http://unstats.un.org/unsd/methods/m49/m49.htm","code":"001","display":"World"}]}],"purpose":"This profile constrains the representation of a statement about a medical device used by or impanted on the patient, part of the \"Medical Devices\" section of the Composition resource representing the international patient summary, as specified by the IPS project of HL7 International.","fhirVersion":"4.0.0","mapping":[{"identity":"workflow","uri":"http://hl7.org/fhir/workflow","name":"Workflow Pattern"},{"identity":"quick","uri":"http://siframework.org/cqf","name":"Quality Improvement and Clinical Knowledge (QUICK)"},{"identity":"w5","uri":"http://hl7.org/fhir/fivews","name":"FiveWs Pattern Mapping"},{"identity":"v2","uri":"http://hl7.org/v2","name":"HL7 v2 Mapping"},{"identity":"rim","uri":"http://hl7.org/v3","name":"RIM Mapping"}],"kind":"resource","abstract":false,"type":"DeviceUseStatement","baseDefinition":"http://hl7.org/fhir/StructureDefinition/DeviceUseStatement","derivation":"constraint","snapshot":{"element":[{"id":"DeviceUseStatement","path":"DeviceUseStatement","short":"Record of use of a device","definition":"A record of a device being used by a patient where the record is the result of a report from the patient or another clinician.","min":0,"max":"*","base":{"path":"DeviceUseStatement","min":0,"max":"*"},"constraint":[{"key":"dom-2","severity":"error","human":"If the resource is contained in another resource, it SHALL NOT contain nested Resources","expression":"contained.contained.empty()","xpath":"not(parent::f:contained and f:contained)","source":"DomainResource"},{"key":"dom-4","severity":"error","human":"If a resource is contained in another resource, it SHALL NOT have a meta.versionId or a meta.lastUpdated","expression":"contained.meta.versionId.empty() and contained.meta.lastUpdated.empty()","xpath":"not(exists(f:contained/*/f:meta/f:versionId)) and not(exists(f:contained/*/f:meta/f:lastUpdated))","source":"DomainResource"},{"key":"dom-3","severity":"error","human":"If the resource is contained in another resource, it SHALL be referred to from elsewhere in the resource or SHALL refer to the containing resource","expression":"contained.where((('#'+id in (%resource.descendants().reference | %resource.descendants().as(canonical) | %resource.descendants().as(uri) | %resource.descendants().as(url))) or descendants().where(reference = '#').exists() or descendants().where(as(canonical) = '#').exists() or descendants().where(as(canonical) = '#').exists()).not()).trace('unmatched', id).empty()","xpath":"not(exists(for $contained in f:contained return $contained[not(parent::*/descendant::f:reference/@value=concat('#', $contained/*/id/@value) or descendant::f:reference[@value='#'])]))","source":"DomainResource"},{"extension":[{"url":"http://hl7.org/fhir/StructureDefinition/elementdefinition-bestpractice","valueBoolean":true},{"url":"http://hl7.org/fhir/StructureDefinition/elementdefinition-bestpractice-explanation","valueMarkdown":"When a resource has no narrative, only systems that fully understand the data can display the resource to a human safely. Including a human readable representation in the resource makes for a much more robust eco-system and cheaper handling of resources by intermediary systems. Some ecosystems restrict distribution of resources to only those systems that do fully understand the resources, and as a consequence implementers may believe that the narrative is superfluous. However experience shows that such eco-systems often open up to new participants over time."}],"key":"dom-6","severity":"warning","human":"A resource should have narrative for robust management","expression":"text.div.exists()","xpath":"exists(f:text/h:div)","source":"DomainResource"},{"key":"dom-5","severity":"error","human":"If a resource is contained in another resource, it SHALL NOT have a security label","expression":"contained.meta.security.empty()","xpath":"not(exists(f:contained/*/f:meta/f:security))","source":"DomainResource"}],"mustSupport":true,"isModifier":false,"isSummary":false,"mapping":[{"identity":"rim","map":"Entity. Role, or Act"},{"identity":"workflow","map":"Event"},{"identity":"quick","map":"DeviceUsePerformanceOccurrence"}]},{"id":"DeviceUseStatement.id","path":"DeviceUseStatement.id","short":"Logical id of this artifact","definition":"The logical id of the resource, as used in the URL for the resource. Once assigned, this value never changes.","comment":"The only time that a resource does not have an id is when it is being submitted to the server using a create operation.","min":0,"max":"1","base":{"path":"Resource.id","min":0,"max":"1"},"type":[{"code":"id"}],"mustSupport":true,"isModifier":false,"isSummary":true},{"id":"DeviceUseStatement.meta","path":"DeviceUseStatement.meta","short":"Metadata about the resource","definition":"The metadata about the resource. This is content that is maintained by the infrastructure. Changes to the content might not always be associated with version changes to the resource.","min":0,"max":"1","base":{"path":"Resource.meta","min":0,"max":"1"},"type":[{"code":"Meta"}],"mustSupport":true,"isModifier":false,"isSummary":true},{"id":"DeviceUseStatement.meta.id","path":"DeviceUseStatement.meta.id","representation":["xmlAttr"],"short":"Unique id for inter-element referencing","definition":"Unique id for the element within a resource (for internal references). This may be any string value that does not contain spaces.","min":0,"max":"1","base":{"path":"Element.id","min":0,"max":"1"},"type":[{"code":"string"}],"isModifier":false,"isSummary":false,"mapping":[{"identity":"rim","map":"n/a"}]},{"id":"DeviceUseStatement.meta.extension","path":"DeviceUseStatement.meta.extension","slicing":{"discriminator":[{"type":"value","path":"url"}],"description":"Extensions are always sliced by (at least) url","rules":"open"},"short":"Additional content defined by implementations","definition":"May be used to represent additional information that is not part of the basic definition of the element. To make the use of extensions safe and manageable, there is a strict set of governance  applied to the definition and use of extensions. Though any implementer can define an extension, there is a set of requirements that SHALL be met as part of the definition of the extension.","comment":"There can be no stigma associated with the use of extensions by any application, project, or standard - regardless of the institution or jurisdiction that uses or defines the extensions.  The use of extensions is what allows the FHIR specification to retain a core level of simplicity for everyone.","alias":["extensions","user content"],"min":0,"max":"*","base":{"path":"Element.extension","min":0,"max":"*"},"type":[{"code":"Extension"}],"isModifier":false,"isSummary":false,"mapping":[{"identity":"rim","map":"n/a"}]},{"id":"DeviceUseStatement.meta.versionId","path":"DeviceUseStatement.meta.versionId","short":"Version specific identifier","definition":"The version specific identifier, as it appears in the version portion of the URL. This value changes when the resource is created, updated, or deleted.","comment":"The server assigns this value, and ignores what the client specifies, except in the case that the server is imposing version integrity on updates/deletes.","min":0,"max":"1","base":{"path":"Meta.versionId","min":0,"max":"1"},"type":[{"code":"id"}],"isModifier":false,"isSummary":true},{"id":"DeviceUseStatement.meta.lastUpdated","path":"DeviceUseStatement.meta.lastUpdated","short":"When the resource version last changed","definition":"When the resource last changed - e.g. when the version changed.","comment":"This value is always populated except when the resource is first being created. The server / resource manager sets this value; what a client provides is irrelevant. This is equivalent to the HTTP Last-Modified and SHOULD have the same value on a [read](http://hl7.org/fhir/R4/http.html#read) interaction.","min":0,"max":"1","base":{"path":"Meta.lastUpdated","min":0,"max":"1"},"type":[{"code":"instant"}],"isModifier":false,"isSummary":true},{"id":"DeviceUseStatement.meta.source","path":"DeviceUseStatement.meta.source","short":"Identifies where the resource comes from","definition":"A uri that identifies the source system of the resource. This provides a minimal amount of [Provenance](http://hl7.org/fhir/R4/provenance.html#) information that can be used to track or differentiate the source of information in the resource. The source may identify another FHIR server, document, message, database, etc.","comment":"In the provenance resource, this corresponds to Provenance.entity.what[x]. The exact use of the source (and the implied Provenance.entity.role) is left to implementer discretion. Only one nominated source is allowed; for additional provenance details, a full Provenance resource should be used. \n\nThis element can be used to indicate where the current master source of a resource that has a canonical URL if the resource is no longer hosted at the canonical URL.","min":0,"max":"1","base":{"path":"Meta.source","min":0,"max":"1"},"type":[{"code":"uri"}],"isModifier":false,"isSummary":true},{"id":"DeviceUseStatement.meta.profile","path":"DeviceUseStatement.meta.profile","short":"Profiles this resource claims to conform to","definition":"A list of profiles (references to [StructureDefinition](http://hl7.org/fhir/R4/structuredefinition.html#) resources) that this resource claims to conform to. The URL is a reference to [StructureDefinition.url](http://hl7.org/fhir/R4/structuredefinition-definitions.html#StructureDefinition.url).","comment":"It is up to the server and/or other infrastructure of policy to determine whether/how these claims are verified and/or updated over time.  The list of profile URLs is a set.","min":0,"max":"*","base":{"path":"Meta.profile","min":0,"max":"*"},"type":[{"code":"canonical","targetProfile":["http://hl7.org/fhir/StructureDefinition/StructureDefinition"]}],"fixedCanonical":"http://hl7.org/fhir/uv/ips/StructureDefinition/DeviceUseStatement-uv-ips","mustSupport":true,"isModifier":false,"isSummary":true},{"id":"DeviceUseStatement.meta.security","path":"DeviceUseStatement.meta.security","short":"Security Labels applied to this resource","definition":"Security labels applied to this resource. These tags connect specific resources to the overall security policy and infrastructure.","comment":"The security labels can be updated without changing the stated version of the resource. The list of security labels is a set. Uniqueness is based the system/code, and version and display are ignored.","min":0,"max":"*","base":{"path":"Meta.security","min":0,"max":"*"},"type":[{"code":"Coding"}],"isModifier":false,"isSummary":true,"binding":{"extension":[{"url":"http://hl7.org/fhir/StructureDefinition/elementdefinition-bindingName","valueString":"SecurityLabels"},{"url":"http://hl7.org/fhir/StructureDefinition/elementdefinition-isCommonBinding","valueBoolean":true}],"strength":"extensible","description":"Security Labels from the Healthcare Privacy and Security Classification System.","valueSet":"http://hl7.org/fhir/ValueSet/security-labels"}},{"id":"DeviceUseStatement.meta.tag","path":"DeviceUseStatement.meta.tag","short":"Tags applied to this resource","definition":"Tags applied to this resource. Tags are intended to be used to identify and relate resources to process and workflow, and applications are not required to consider the tags when interpreting the meaning of a resource.","comment":"The tags can be updated without changing the stated version of the resource. The list of tags is a set. Uniqueness is based the system/code, and version and display are ignored.","min":0,"max":"*","base":{"path":"Meta.tag","min":0,"max":"*"},"type":[{"code":"Coding"}],"isModifier":false,"isSummary":true,"binding":{"extension":[{"url":"http://hl7.org/fhir/StructureDefinition/elementdefinition-bindingName","valueString":"Tags"}],"strength":"example","description":"Codes that represent various types of tags, commonly workflow-related; e.g. \"Needs review by Dr. Jones\".","valueSet":"http://hl7.org/fhir/ValueSet/common-tags"}},{"id":"DeviceUseStatement.implicitRules","path":"DeviceUseStatement.implicitRules","short":"A set of rules under which this content was created","definition":"A reference to a set of rules that were followed when the resource was constructed, and which must be understood when processing the content. Often, this is a reference to an implementation guide that defines the special rules along with other profiles etc.","comment":"Asserting this rule set restricts the content to be only understood by a limited set of trading partners. This inherently limits the usefulness of the data in the long term. However, the existing health eco-system is highly fractured, and not yet ready to define, collect, and exchange data in a generally computable sense. Wherever possible, implementers and/or specification writers should avoid using this element. Often, when used, the URL is a reference to an implementation guide that defines these special rules as part of it's narrative along with other profiles, value sets, etc.","min":0,"max":"1","base":{"path":"Resource.implicitRules","min":0,"max":"1"},"type":[{"code":"uri"}],"isModifier":true,"isModifierReason":"This element is labeled as a modifier because the implicit rules may provide additional knowledge about the resource that modifies it's meaning or interpretation","isSummary":true},{"id":"DeviceUseStatement.language","path":"DeviceUseStatement.language","short":"Language of the resource content","definition":"The base language in which the resource is written.","comment":"Language is provided to support indexing and accessibility (typically, services such as text to speech use the language tag). The html language tag in the narrative applies  to the narrative. The language tag on the resource may be used to specify the language of other presentations generated from the data in the resource. Not all the content has to be in the base language. The Resource.language should not be assumed to apply to the narrative automatically. If a language is specified, it should it also be specified on the div element in the html (see rules in HTML5 for information about the relationship between xml:lang and the html lang attribute).","min":0,"max":"1","base":{"path":"Resource.language","min":0,"max":"1"},"type":[{"code":"code"}],"isModifier":false,"isSummary":false,"binding":{"extension":[{"url":"http://hl7.org/fhir/StructureDefinition/elementdefinition-maxValueSet","valueCanonical":"http://hl7.org/fhir/ValueSet/all-languages"},{"url":"http://hl7.org/fhir/StructureDefinition/elementdefinition-bindingName","valueString":"Language"},{"url":"http://hl7.org/fhir/StructureDefinition/elementdefinition-isCommonBinding","valueBoolean":true}],"strength":"preferred","description":"A human language.","valueSet":"http://hl7.org/fhir/ValueSet/languages"}},{"id":"DeviceUseStatement.text","path":"DeviceUseStatement.text","short":"Text summary of the resource, for human interpretation","definition":"A human-readable narrative that contains a summary of the resource and can be used to represent the content of the resource to a human. The narrative need not encode all the structured data, but is required to contain sufficient detail to make it \"clinically safe\" for a human to just read the narrative. Resource definitions may define what content should be represented in the narrative to ensure clinical safety.","comment":"Contained resources do not have narrative. Resources that are not contained SHOULD have a narrative. In some cases, a resource may only have text with little or no additional discrete data (as long as all minOccurs=1 elements are satisfied).  This may be necessary for data from legacy systems where information is captured as a \"text blob\" or where text is additionally entered raw or narrated and encoded information is added later.","alias":["narrative","html","xhtml","display"],"min":0,"max":"1","base":{"path":"DomainResource.text","min":0,"max":"1"},"type":[{"code":"Narrative"}],"isModifier":false,"isSummary":false,"mapping":[{"identity":"rim","map":"Act.text?"}]},{"id":"DeviceUseStatement.contained","path":"DeviceUseStatement.contained","short":"Contained, inline Resources","definition":"These resources do not have an independent existence apart from the resource that contains them - they cannot be identified independently, and nor can they have their own independent transaction scope.","comment":"This should never be done when the content can be identified properly, as once identification is lost, it is extremely difficult (and context dependent) to restore it again. Contained resources may have profiles and tags In their meta elements, but SHALL NOT have security labels.","alias":["inline resources","anonymous resources","contained resources"],"min":0,"max":"*","base":{"path":"DomainResource.contained","min":0,"max":"*"},"type":[{"code":"Resource"}],"isModifier":false,"isSummary":false,"mapping":[{"identity":"rim","map":"N/A"}]},{"id":"DeviceUseStatement.extension","path":"DeviceUseStatement.extension","short":"Additional content defined by implementations","definition":"May be used to represent additional information that is not part of the basic definition of the resource. To make the use of extensions safe and manageable, there is a strict set of governance  applied to the definition and use of extensions. Though any implementer can define an extension, there is a set of requirements that SHALL be met as part of the definition of the extension.","comment":"There can be no stigma associated with the use of extensions by any application, project, or standard - regardless of the institution or jurisdiction that uses or defines the extensions.  The use of extensions is what allows the FHIR specification to retain a core level of simplicity for everyone.","alias":["extensions","user content"],"min":0,"max":"*","base":{"path":"DomainResource.extension","min":0,"max":"*"},"type":[{"code":"Extension"}],"isModifier":false,"isSummary":false,"mapping":[{"identity":"rim","map":"N/A"}]},{"id":"DeviceUseStatement.modifierExtension","path":"DeviceUseStatement.modifierExtension","short":"Extensions that cannot be ignored","definition":"May be used to represent additional information that is not part of the basic definition of the resource and that modifies the understanding of the element that contains it and/or the understanding of the containing element's descendants. Usually modifier elements provide negation or qualification. To make the use of extensions safe and manageable, there is a strict set of governance applied to the definition and use of extensions. Though any implementer is allowed to define an extension, there is a set of requirements that SHALL be met as part of the definition of the extension. Applications processing a resource are required to check for modifier extensions.\n\nModifier extensions SHALL NOT change the meaning of any elements on Resource or DomainResource (including cannot change the meaning of modifierExtension itself).","comment":"There can be no stigma associated with the use of extensions by any application, project, or standard - regardless of the institution or jurisdiction that uses or defines the extensions.  The use of extensions is what allows the FHIR specification to retain a core level of simplicity for everyone.","requirements":"Modifier extensions allow for extensions that *cannot* be safely ignored to be clearly distinguished from the vast majority of extensions which can be safely ignored.  This promotes interoperability by eliminating the need for implementers to prohibit the presence of extensions. For further information, see the [definition of modifier extensions](http://hl7.org/fhir/R4/extensibility.html#modifierExtension).","alias":["extensions","user content"],"min":0,"max":"*","base":{"path":"DomainResource.modifierExtension","min":0,"max":"*"},"type":[{"code":"Extension"}],"isModifier":true,"isModifierReason":"Modifier extensions are expected to modify the meaning or interpretation of the resource that contains them","isSummary":false,"mapping":[{"identity":"rim","map":"N/A"}]},{"id":"DeviceUseStatement.identifier","path":"DeviceUseStatement.identifier","short":"External identifier for this record","definition":"An external identifier for this statement such as an IRI.","min":0,"max":"*","base":{"path":"DeviceUseStatement.identifier","min":0,"max":"*"},"type":[{"code":"Identifier"}],"isModifier":false,"isSummary":true,"mapping":[{"identity":"workflow","map":"Event.identifier"},{"identity":"w5","map":"FiveWs.identifier"},{"identity":"quick","map":"ClinicalStatement.identifier"}]},{"id":"DeviceUseStatement.basedOn","path":"DeviceUseStatement.basedOn","short":"Fulfills plan, proposal or order","definition":"A plan, proposal or order that is fulfilled in whole or in part by this DeviceUseStatement.","requirements":"Allows tracing of authorization for the DeviceUseStatement and tracking whether proposals/recommendations were acted upon.","alias":["fulfills"],"min":0,"max":"*","base":{"path":"DeviceUseStatement.basedOn","min":0,"max":"*"},"type":[{"code":"Reference","targetProfile":["http://hl7.org/fhir/StructureDefinition/ServiceRequest"]}],"isModifier":false,"isSummary":true,"mapping":[{"identity":"workflow","map":"Event.basedOn"},{"identity":"v2","map":"ORC in proximity to EVN segment"},{"identity":"rim","map":".outboundRelationship[typeCode=FLFS].target"}]},{"id":"DeviceUseStatement.status","path":"DeviceUseStatement.status","short":"active | completed | entered-in-error +","definition":"A code representing the patient or other source's judgment about the state of the device used that this statement is about.  Generally this will be active or completed.","comment":"DeviceUseStatment is a statement at a point in time.  The status is only representative at the point when it was asserted.  The value set for contains codes that assert the status of the use  by the patient (for example, stopped or on hold) as well as codes that assert the status of the resource itself (for example, entered in error).\r\rThis element is labeled as a modifier because the status contains the codes that mark the statement as not currently valid.","min":1,"max":"1","base":{"path":"DeviceUseStatement.status","min":1,"max":"1"},"type":[{"code":"code"}],"isModifier":true,"isModifierReason":"This element is labelled as a modifier because it is a status element that contains status entered-in-error which means that the resource should not be treated as valid","isSummary":true,"binding":{"extension":[{"url":"http://hl7.org/fhir/StructureDefinition/elementdefinition-bindingName","valueString":"DeviceUseStatementStatus"}],"strength":"required","description":"A coded concept indicating the current status of the Device Usage.","valueSet":"http://hl7.org/fhir/ValueSet/device-statement-status|4.0.0"},"mapping":[{"identity":"workflow","map":"Event.status"},{"identity":"w5","map":"FiveWs.status"},{"identity":"rim","map":".statusCode"},{"identity":"quick","map":"…status"}]},{"id":"DeviceUseStatement.subject","path":"DeviceUseStatement.subject","short":"Patient using device","definition":"The patient using the device.","min":1,"max":"1","base":{"path":"DeviceUseStatement.subject","min":1,"max":"1"},"type":[{"code":"Reference","targetProfile":["http://hl7.org/fhir/uv/ips/StructureDefinition/Patient-uv-ips"]}],"mustSupport":true,"isModifier":false,"isSummary":true,"mapping":[{"identity":"workflow","map":"Event.subject"},{"identity":"w5","map":"FiveWs.subject[x]"},{"identity":"quick","map":"ClinicalStatement.subject"},{"identity":"w5","map":"FiveWs.subject"}]},{"id":"DeviceUseStatement.subject.id","path":"DeviceUseStatement.subject.id","representation":["xmlAttr"],"short":"Unique id for inter-element referencing","definition":"Unique id for the element within a resource (for internal references). This may be any string value that does not contain spaces.","min":0,"max":"1","base":{"path":"Element.id","min":0,"max":"1"},"type":[{"code":"string"}],"isModifier":false,"isSummary":false,"mapping":[{"identity":"rim","map":"n/a"}]},{"id":"DeviceUseStatement.subject.extension","path":"DeviceUseStatement.subject.extension","slicing":{"discriminator":[{"type":"value","path":"url"}],"description":"Extensions are always sliced by (at least) url","rules":"open"},"short":"Additional content defined by implementations","definition":"May be used to represent additional information that is not part of the basic definition of the element. To make the use of extensions safe and manageable, there is a strict set of governance  applied to the definition and use of extensions. Though any implementer can define an extension, there is a set of requirements that SHALL be met as part of the definition of the extension.","comment":"There can be no stigma associated with the use of extensions by any application, project, or standard - regardless of the institution or jurisdiction that uses or defines the extensions.  The use of extensions is what allows the FHIR specification to retain a core level of simplicity for everyone.","alias":["extensions","user content"],"min":0,"max":"*","base":{"path":"Element.extension","min":0,"max":"*"},"type":[{"code":"Extension"}],"isModifier":false,"isSummary":false,"mapping":[{"identity":"rim","map":"n/a"}]},{"id":"DeviceUseStatement.subject.reference","path":"DeviceUseStatement.subject.reference","short":"Literal reference, Relative, internal or absolute URL","definition":"A reference to a location at which the other resource is found. The reference may be a relative reference, in which case it is relative to the service base URL, or an absolute URL that resolves to the location where the resource is found. The reference may be version specific or not. If the reference is not to a FHIR RESTful server, then it should be assumed to be version specific. Internal fragment references (start with '#') refer to contained resources.","comment":"Using absolute URLs provides a stable scalable approach suitable for a cloud/web context, while using relative/logical references provides a flexible approach suitable for use when trading across closed eco-system boundaries.   Absolute URLs do not need to point to a FHIR RESTful server, though this is the preferred approach. If the URL conforms to the structure \"/[type]/[id]\" then it should be assumed that the reference is to a FHIR RESTful server.","min":1,"max":"1","base":{"path":"Reference.reference","min":0,"max":"1"},"type":[{"code":"string"}],"condition":["ref-1"],"mustSupport":true,"isModifier":false,"isSummary":true,"mapping":[{"identity":"rim","map":"N/A"}]},{"id":"DeviceUseStatement.subject.type","path":"DeviceUseStatement.subject.type","short":"Type the reference refers to (e.g. \"Patient\")","definition":"The expected type of the target of the reference. If both Reference.type and Reference.reference are populated and Reference.reference is a FHIR URL, both SHALL be consistent.\n\nThe type is the Canonical URL of Resource Definition that is the type this reference refers to. References are URLs that are relative to http://hl7.org/fhir/StructureDefinition/ e.g. \"Patient\" is a reference to http://hl7.org/fhir/StructureDefinition/Patient. Absolute URLs are only allowed for logical models (and can only be used in references in logical models, not resources).","comment":"This element is used to indicate the type of  the target of the reference. This may be used which ever of the other elements are populated (or not). In some cases, the type of the target may be determined by inspection of the reference (e.g. a RESTful URL) or by resolving the target of the reference; if both the type and a reference is provided, the reference SHALL resolve to a resource of the same type as that specified.","min":0,"max":"1","base":{"path":"Reference.type","min":0,"max":"1"},"type":[{"code":"uri"}],"isModifier":false,"isSummary":true,"binding":{"extension":[{"url":"http://hl7.org/fhir/StructureDefinition/elementdefinition-bindingName","valueString":"FHIRResourceTypeExt"}],"strength":"extensible","description":"Aa resource (or, for logical models, the URI of the logical model).","valueSet":"http://hl7.org/fhir/ValueSet/resource-types"},"mapping":[{"identity":"rim","map":"N/A"}]},{"id":"DeviceUseStatement.subject.identifier","path":"DeviceUseStatement.subject.identifier","short":"Logical reference, when literal reference is not known","definition":"An identifier for the target resource. This is used when there is no way to reference the other resource directly, either because the entity it represents is not available through a FHIR server, or because there is no way for the author of the resource to convert a known identifier to an actual location. There is no requirement that a Reference.identifier point to something that is actually exposed as a FHIR instance, but it SHALL point to a business concept that would be expected to be exposed as a FHIR instance, and that instance would need to be of a FHIR resource type allowed by the reference.","comment":"When an identifier is provided in place of a reference, any system processing the reference will only be able to resolve the identifier to a reference if it understands the business context in which the identifier is used. Sometimes this is global (e.g. a national identifier) but often it is not. For this reason, none of the useful mechanisms described for working with references (e.g. chaining, includes) are possible, nor should servers be expected to be able resolve the reference. Servers may accept an identifier based reference untouched, resolve it, and/or reject it - see CapabilityStatement.rest.resource.referencePolicy. \n\nWhen both an identifier and a literal reference are provided, the literal reference is preferred. Applications processing the resource are allowed - but not required - to check that the identifier matches the literal reference\n\nApplications converting a logical reference to a literal reference may choose to leave the logical reference present, or remove it.\n\nReference is intended to point to a structure that can potentially be expressed as a FHIR resource, though there is no need for it to exist as an actual FHIR resource instance - except in as much as an application wishes to actual find the target of the reference. The content referred to be the identifier must meet the logical constraints implied by any limitations on what resource types are permitted for the reference.  For example, it would not be legitimate to send the identifier for a drug prescription if the type were Reference(Observation|DiagnosticReport).  One of the use-cases for Reference.identifier is the situation where no FHIR representation exists (where the type is Reference (Any).","min":0,"max":"1","base":{"path":"Reference.identifier","min":0,"max":"1"},"type":[{"code":"Identifier"}],"isModifier":false,"isSummary":true,"mapping":[{"identity":"rim","map":".identifier"}]},{"id":"DeviceUseStatement.subject.display","extension":[{"url":"http://hl7.org/fhir/StructureDefinition/elementdefinition-translatable","valueBoolean":true}],"path":"DeviceUseStatement.subject.display","short":"Text alternative for the resource","definition":"Plain text narrative that identifies the resource in addition to the resource reference.","comment":"This is generally not the same as the Resource.text of the referenced resource.  The purpose is to identify what's being referenced, not to fully describe it.","min":0,"max":"1","base":{"path":"Reference.display","min":0,"max":"1"},"type":[{"code":"string"}],"isModifier":false,"isSummary":true,"mapping":[{"identity":"rim","map":"N/A"}]},{"id":"DeviceUseStatement.derivedFrom","path":"DeviceUseStatement.derivedFrom","short":"Supporting information","definition":"Allows linking the DeviceUseStatement to the underlying Request, or to other information that supports or is used to derive the DeviceUseStatement.","comment":"The most common use cases for deriving a DeviceUseStatement comes from creating it from a request or from an observation or a claim. it should be noted that the amount of information that is available varies from the type resource that you derive the DeviceUseStatement from.","min":0,"max":"*","base":{"path":"DeviceUseStatement.derivedFrom","min":0,"max":"*"},"type":[{"code":"Reference","targetProfile":["http://hl7.org/fhir/StructureDefinition/ServiceRequest","http://hl7.org/fhir/StructureDefinition/Procedure","http://hl7.org/fhir/StructureDefinition/Claim","http://hl7.org/fhir/StructureDefinition/Observation","http://hl7.org/fhir/StructureDefinition/QuestionnaireResponse","http://hl7.org/fhir/StructureDefinition/DocumentReference"]}],"isModifier":false,"isSummary":true},{"id":"DeviceUseStatement.timing[x]","path":"DeviceUseStatement.timing[x]","short":"How often  the device was used","definition":"How often the device was used.","min":1,"max":"1","base":{"path":"DeviceUseStatement.timing[x]","min":0,"max":"1"},"type":[{"code":"Timing"},{"code":"Period"},{"code":"dateTime"}],"mustSupport":true,"isModifier":false,"isSummary":true,"mapping":[{"identity":"workflow","map":"Event.occurrence[x]"},{"identity":"w5","map":"FiveWs.done[x]"},{"identity":"quick","map":"DeviceUse.applicationSchedule"}]},{"id":"DeviceUseStatement.timing[x].id","path":"DeviceUseStatement.timing[x].id","representation":["xmlAttr"],"short":"Unique id for inter-element referencing","definition":"Unique id for the element within a resource (for internal references). This may be any string value that does not contain spaces.","min":0,"max":"1","base":{"path":"Element.id","min":0,"max":"1"},"type":[{"_code":{"extension":[{"url":"http://hl7.org/fhir/StructureDefinition/structuredefinition-json-type","valueString":"string"},{"url":"http://hl7.org/fhir/StructureDefinition/structuredefinition-xml-type","valueString":"xsd:string"},{"url":"http://hl7.org/fhir/StructureDefinition/structuredefinition-rdf-type","valueString":"xsd:string"}]}}],"isModifier":false,"isSummary":false,"mapping":[{"identity":"rim","map":"n/a"}]},{"id":"DeviceUseStatement.timing[x].extension","path":"DeviceUseStatement.timing[x].extension","slicing":{"discriminator":[{"type":"value","path":"url"}],"description":"Extensions are always sliced by (at least) url","rules":"open"},"short":"Additional content defined by implementations","definition":"May be used to represent additional information that is not part of the basic definition of the element. To make the use of extensions safe and manageable, there is a strict set of governance  applied to the definition and use of extensions. Though any implementer can define an extension, there is a set of requirements that SHALL be met as part of the definition of the extension.","comment":"There can be no stigma associated with the use of extensions by any application, project, or standard - regardless of the institution or jurisdiction that uses or defines the extensions.  The use of extensions is what allows the FHIR specification to retain a core level of simplicity for everyone.","alias":["extensions","user content"],"min":0,"max":"*","base":{"path":"Element.extension","min":0,"max":"*"},"type":[{"code":"Extension"}],"isModifier":false,"isSummary":false,"mapping":[{"identity":"rim","map":"n/a"}]},{"id":"DeviceUseStatement.timing[x].extension:data-absent-reason","path":"DeviceUseStatement.timing[x].extension","sliceName":"data-absent-reason","short":"unknown | asked | temp | notasked | masked | unsupported | astext | error","definition":"Provides a reason why the timing is missing.","min":0,"max":"1","base":{"path":"Element.extension","min":0,"max":"*"},"type":[{"code":"Extension","profile":["http://hl7.org/fhir/StructureDefinition/data-absent-reason"]}],"mustSupport":true,"isModifier":false,"isSummary":false,"mapping":[{"identity":"rim","map":"ANY.nullFlavor"}]},{"id":"DeviceUseStatement.timing[x].extension:data-absent-reason.id","path":"DeviceUseStatement.timing[x].extension.id","representation":["xmlAttr"],"short":"Unique id for inter-element referencing","definition":"Unique id for the element within a resource (for internal references). This may be any string value that does not contain spaces.","min":0,"max":"1","base":{"path":"Element.id","min":0,"max":"1"},"type":[{"code":"string"}],"isModifier":false,"isSummary":false,"mapping":[{"identity":"rim","map":"n/a"}]},{"id":"DeviceUseStatement.timing[x].extension:data-absent-reason.extension","path":"DeviceUseStatement.timing[x].extension.extension","slicing":{"discriminator":[{"type":"value","path":"url"}],"description":"Extensions are always sliced by (at least) url","rules":"open"},"short":"Extension","definition":"An Extension","min":0,"max":"0","base":{"path":"Element.extension","min":0,"max":"*"},"type":[{"code":"Extension"}],"isModifier":false,"isSummary":false},{"id":"DeviceUseStatement.timing[x].extension:data-absent-reason.url","path":"DeviceUseStatement.timing[x].extension.url","representation":["xmlAttr"],"short":"identifies the meaning of the extension","definition":"Source of the definition for the extension code - a logical name or a URL.","comment":"The definition may point directly to a computable or human-readable definition of the extensibility codes, or it may be a logical URI as declared in some other specification. The definition SHALL be a URI for the Structure Definition defining the extension.","min":1,"max":"1","base":{"path":"Extension.url","min":1,"max":"1"},"type":[{"code":"uri"}],"fixedUri":"http://hl7.org/fhir/StructureDefinition/data-absent-reason","isModifier":false,"isSummary":false,"mapping":[{"identity":"rim","map":"N/A"}]},{"id":"DeviceUseStatement.timing[x].extension:data-absent-reason.valueCode","path":"DeviceUseStatement.timing[x].extension.valueCode","short":"Value of extension","definition":"Value of extension - must be one of a constrained set of the data types (see [Extensibility](http://hl7.org/fhir/R4/extensibility.html) for a list).","min":0,"max":"1","base":{"path":"Extension.value[x]","min":0,"max":"1"},"type":[{"code":"code"}],"isModifier":false,"isSummary":false,"binding":{"extension":[{"url":"http://hl7.org/fhir/StructureDefinition/elementdefinition-bindingName","valueString":"DataAbsentReason"},{"url":"http://hl7.org/fhir/StructureDefinition/elementdefinition-isCommonBinding","valueBoolean":true}],"strength":"required","description":"Used to specify why the normally expected content of the data element is missing.","valueSet":"http://hl7.org/fhir/ValueSet/data-absent-reason|4.0.0"},"mapping":[{"identity":"rim","map":"N/A"}]},{"id":"DeviceUseStatement.recordedOn","path":"DeviceUseStatement.recordedOn","short":"When statement was recorded","definition":"The time at which the statement was made/recorded.","min":0,"max":"1","base":{"path":"DeviceUseStatement.recordedOn","min":0,"max":"1"},"type":[{"code":"dateTime"}],"isModifier":false,"isSummary":true,"mapping":[{"identity":"w5","map":"FiveWs.recorded"},{"identity":"quick","map":"ClinicalStatement.statementDateTime"}]},{"id":"DeviceUseStatement.source","path":"DeviceUseStatement.source","short":"Who made the statement","definition":"Who reported the device was being used by the patient.","min":0,"max":"1","base":{"path":"DeviceUseStatement.source","min":0,"max":"1"},"type":[{"code":"Reference","targetProfile":["http://hl7.org/fhir/StructureDefinition/Patient","http://hl7.org/fhir/StructureDefinition/Practitioner","http://hl7.org/fhir/StructureDefinition/PractitionerRole","http://hl7.org/fhir/StructureDefinition/RelatedPerson"]}],"mustSupport":true,"isModifier":false,"isSummary":true,"mapping":[{"identity":"workflow","map":"Event.performer.actor"},{"identity":"w5","map":"FiveWs.actor"}]},{"id":"DeviceUseStatement.device","path":"DeviceUseStatement.device","short":"Reference to device used","definition":"The details of the device used.","min":1,"max":"1","base":{"path":"DeviceUseStatement.device","min":1,"max":"1"},"type":[{"code":"Reference","targetProfile":["http://hl7.org/fhir/uv/ips/StructureDefinition/Device-uv-ips"]}],"mustSupport":true,"isModifier":false,"isSummary":true,"mapping":[{"identity":"w5","map":"FiveWs.actor"},{"identity":"quick","map":"DeviceUse.device"}]},{"id":"DeviceUseStatement.reasonCode","path":"DeviceUseStatement.reasonCode","short":"Why device was used","definition":"Reason or justification for the use of the device.","min":0,"max":"*","base":{"path":"DeviceUseStatement.reasonCode","min":0,"max":"*"},"type":[{"code":"CodeableConcept"}],"isModifier":false,"isSummary":true,"mapping":[{"identity":"workflow","map":"Event.reasonCode"},{"identity":"w5","map":"FiveWs.why[x]"},{"identity":"quick","map":"Action.indication.reason"}]},{"id":"DeviceUseStatement.reasonReference","path":"DeviceUseStatement.reasonReference","short":"Why was DeviceUseStatement performed?","definition":"Indicates another resource whose existence justifies this DeviceUseStatement.","min":0,"max":"*","base":{"path":"DeviceUseStatement.reasonReference","min":0,"max":"*"},"type":[{"code":"Reference","targetProfile":["http://hl7.org/fhir/StructureDefinition/Condition","http://hl7.org/fhir/StructureDefinition/Observation","http://hl7.org/fhir/StructureDefinition/DiagnosticReport","http://hl7.org/fhir/StructureDefinition/DocumentReference","http://hl7.org/fhir/StructureDefinition/Media"]}],"isModifier":false,"isSummary":true,"mapping":[{"identity":"workflow","map":"Event.reasonReference"},{"identity":"w5","map":"FiveWs.why[x]"},{"identity":"v2","map":"EVN.4 or by domain"},{"identity":"rim","map":".outboundRelationship[typeCode=RSON].target"}]},{"id":"DeviceUseStatement.bodySite","path":"DeviceUseStatement.bodySite","short":"Concept - reference to a terminology or just  text","definition":"A concept that may be defined by a formal reference to a terminology or ontology or may be provided by text.","comment":"Not all terminology uses fit this general pattern. In some cases, models should not use CodeableConcept and use Coding directly and provide their own structure for managing text, codings, translations and the relationship between elements and pre- and post-coordination.","requirements":"Knowing where the device is targeted is important for tracking if multiple sites are possible. If more information than just a code is required, use the extension bodySite","min":0,"max":"1","base":{"path":"DeviceUseStatement.bodySite","min":0,"max":"1"},"type":[{"code":"CodeableConcept","profile":["http://hl7.org/fhir/uv/ips/StructureDefinition/CodeableConcept-uv-ips"]}],"condition":["ele-1"],"constraint":[{"key":"ele-1","severity":"error","human":"All FHIR elements must have a @value or children","expression":"hasValue() or (children().count() > id.count())","xpath":"@value|f:*|h:div","source":"Element"}],"mustSupport":false,"isModifier":false,"binding":{"strength":"example","valueSet":"http://hl7.org/fhir/ValueSet/body-site"},"mapping":[{"identity":"rim","map":"n/a"},{"identity":"v2","map":"CE/CNE/CWE"},{"identity":"rim","map":"CD"},{"identity":"orim","map":"fhir:CodeableConcept rdfs:subClassOf dt:CD"}]},{"id":"DeviceUseStatement.note","path":"DeviceUseStatement.note","short":"Addition details (comments, instructions)","definition":"Details about the device statement that were not represented at all or sufficiently in one of the attributes provided in a class. These may include for example a comment, an instruction, or a note associated with the statement.","min":0,"max":"*","base":{"path":"DeviceUseStatement.note","min":0,"max":"*"},"type":[{"code":"Annotation"}],"isModifier":false,"isSummary":false,"mapping":[{"identity":"workflow","map":"Event.note"},{"identity":"quick","map":"ClinicalStatement.additionalText"}]}]},"differential":{"element":[{"id":"DeviceUseStatement","path":"DeviceUseStatement","mustSupport":true},{"id":"DeviceUseStatement.id","path":"DeviceUseStatement.id","mustSupport":true},{"id":"DeviceUseStatement.meta","path":"DeviceUseStatement.meta","mustSupport":true},{"id":"DeviceUseStatement.meta.profile","path":"DeviceUseStatement.meta.profile","fixedCanonical":"http://hl7.org/fhir/uv/ips/StructureDefinition/DeviceUseStatement-uv-ips","mustSupport":true},{"id":"DeviceUseStatement.subject","path":"DeviceUseStatement.subject","definition":"The patient using the device.","type":[{"code":"Reference","targetProfile":["http://hl7.org/fhir/uv/ips/StructureDefinition/Patient-uv-ips"]}],"mustSupport":true},{"id":"DeviceUseStatement.subject.reference","path":"DeviceUseStatement.subject.reference","min":1,"mustSupport":true},{"id":"DeviceUseStatement.timing[x]","path":"DeviceUseStatement.timing[x]","min":1,"max":"1","mustSupport":true},{"id":"DeviceUseStatement.timing[x].extension:data-absent-reason","path":"DeviceUseStatement.timing[x].extension","sliceName":"data-absent-reason","definition":"Provides a reason why the timing is missing.","max":"1","type":[{"code":"Extension","profile":["http://hl7.org/fhir/StructureDefinition/data-absent-reason"]}],"mustSupport":true},{"id":"DeviceUseStatement.source","path":"DeviceUseStatement.source","mustSupport":true},{"id":"DeviceUseStatement.device","path":"DeviceUseStatement.device","type":[{"code":"Reference","targetProfile":["http://hl7.org/fhir/uv/ips/StructureDefinition/Device-uv-ips"]}],"mustSupport":true},{"id":"DeviceUseStatement.bodySite","path":"DeviceUseStatement.bodySite","requirements":"Knowing where the device is targeted is important for tracking if multiple sites are possible. If more information than just a code is required, use the extension bodySite","type":[{"code":"CodeableConcept","profile":["http://hl7.org/fhir/uv/ips/StructureDefinition/CodeableConcept-uv-ips"]}],"mustSupport":false,"binding":{"strength":"example","valueSet":"http://hl7.org/fhir/ValueSet/body-site"}}]}}