{"resourceType":"ValueSet","id":"procedures-uv-ips","meta":{"profile":["http://hl7.org/fhir/StructureDefinition/shareablevalueset"]},"text":{"status":"generated","div":"<div xmlns=\"http://www.w3.org/1999/xhtml\">IPS Procedures</div>"},"url":"http://hl7.org/fhir/uv/ips/ValueSet/procedures-uv-ips","identifier":[{"use":"official","system":"http://art-decor.org/ns/oids/vs","value":"2.16.840.1.113883.11.22.35"}],"version":"0.3.0","name":"IPSProcedures","title":"IPS Procedures","status":"draft","experimental":false,"date":"2019-08-08T03:08:00+00:00","publisher":"HL7 International","contact":[{"name":"HL7 International","telecom":[{"system":"phone","value":"+1 734 677 7777"},{"system":"fax","value":"+1 734 677 6622"},{"system":"email","value":"info@hl7.org"}]}],"description":"Intensional definition","jurisdiction":[{"coding":[{"system":"http://unstats.un.org/unsd/methods/m49/m49.htm","code":"001","display":"World"}]}],"immutable":false,"copyright":"Licensing note: This artefact includes content from SNOMED Clinical Terms® (SNOMED CT®) which is copyright of the International Health Terminology Standards Development Organisation (IHTSDO). Implementers of these artefacts must have the appropriate SNOMED CT Affiliate license - for more information contact http://www.snomed.org/snomed-ct/getsnomed-ct or info@snomed.org.","compose":{"include":[{"system":"http://snomed.info/sct","filter":[{"property":"concept","op":"is-a","value":"71388002"}]}],"exclude":[{"system":"http://snomed.info/sct","concept":[{"code":"71388002"}]},{"system":"http://snomed.info/sct","filter":[{"property":"concept","op":"is-a","value":"14734007"}]},{"system":"http://snomed.info/sct","filter":[{"property":"concept","op":"is-a","value":"59524001"}]},{"system":"http://snomed.info/sct","filter":[{"property":"concept","op":"is-a","value":"389067005"}]},{"system":"http://snomed.info/sct","filter":[{"property":"concept","op":"is-a","value":"442006003"}]},{"system":"http://snomed.info/sct","filter":[{"property":"concept","op":"is-a","value":"225288009"}]},{"system":"http://snomed.info/sct","filter":[{"property":"concept","op":"is-a","value":"308335008"}]},{"system":"http://snomed.info/sct","filter":[{"property":"concept","op":"is-a","value":"710135002"}]},{"system":"http://snomed.info/sct","filter":[{"property":"concept","op":"is-a","value":"389084004"}]}]}}