{"resourceType":"ValueSet","id":"imaging-area-measure-code-uv-ips","meta":{"profile":["http://hl7.org/fhir/StructureDefinition/shareablevalueset"]},"text":{"status":"generated","div":"<div xmlns=\"http://www.w3.org/1999/xhtml\">IPS Results Radiology Area Measurements Observations</div>"},"url":"http://hl7.org/fhir/uv/ips/ValueSet/imaging-area-measure-code-uv-ips","version":"0.3.0","name":"ImagingAreaMeasureCodeUvIps","title":"IPS Results Radiology Area Measurements Observations","status":"draft","experimental":false,"date":"2019-08-08T03:08:00+00:00","publisher":"HL7 International","contact":[{"name":"HL7 International","telecom":[{"system":"phone","value":"+1 734 677 7777"},{"system":"fax","value":"+1 734 677 6622"},{"system":"email","value":"info@hl7.org"}]}],"description":"IPS Results Radiology Area Measurements Observations","jurisdiction":[{"coding":[{"system":"http://unstats.un.org/unsd/methods/m49/m49.htm","code":"001","display":"World"}]}],"immutable":false,"compose":{"include":[{"system":"http://snomed.info/sct","concept":[{"code":"42798000","display":"Area"},{"code":"131184002","display":"Area of defined region"}]}]}}