{"resourceType":"ValueSet","id":"lab-blood-abo-rh-grp-uv-ips","meta":{"profile":["http://hl7.org/fhir/StructureDefinition/shareablevalueset"]},"text":{"status":"generated","div":"<div xmlns=\"http://www.w3.org/1999/xhtml\">ABO and Rh group [Type] in Blood</div>"},"url":"http://hl7.org/fhir/uv/ips/ValueSet/lab-blood-abo-rh-grp-uv-ips","identifier":[{"use":"official","system":"http://art-decor.org/ns/oids/vs","value":"2.16.840.1.113883.11.22.51"}],"version":"0.3.0","name":"IpsAboRhGroup","title":"IPS Results ABO+RH GROUP","status":"draft","experimental":false,"date":"2019-08-08T03:08:00+00:00","publisher":"HL7 International","contact":[{"name":"HL7 International","telecom":[{"system":"phone","value":"+1 734 677 7777"},{"system":"fax","value":"+1 734 677 6622"},{"system":"email","value":"info@hl7.org"}]}],"description":"ABO and Rh group [Type] in Blood","jurisdiction":[{"coding":[{"system":"http://unstats.un.org/unsd/methods/m49/m49.htm","code":"001","display":"World"}]}],"immutable":false,"copyright":"Licensing note: This artefact includes content from SNOMED Clinical Terms® (SNOMED CT®) which is copyright of the International Health Terminology Standards Development Organisation (IHTSDO). Implementers of these artefacts must have the appropriate SNOMED CT Affiliate license - for more information contact http://www.snomed.org/snomed-ct/getsnomed-ct or info@snomed.org.","compose":{"include":[{"system":"http://snomed.info/sct","concept":[{"code":"278152006","display":"Blood group A Rh(D) negative (finding)"},{"code":"278149003","display":"Blood group A Rh(D) positive (finding)"},{"code":"278154007","display":"Blood group AB Rh(D) negative (finding)"},{"code":"278151004","display":"Blood group AB Rh(D) positive (finding)"},{"code":"278153001","display":"Blood group B Rh(D) negative (finding)"},{"code":"278150003","display":"Blood group B Rh(D) positive (finding)"},{"code":"278148006","display":"Blood group O Rh(D) negative (finding)"},{"code":"278147001","display":"Blood group O Rh(D) positive (finding)"}]}]}}