{"resourceType":"ValueSet","id":"personal-relationship-uv-ips","meta":{"profile":["http://hl7.org/fhir/StructureDefinition/shareablevalueset"]},"text":{"status":"generated","div":"<div xmlns=\"http://www.w3.org/1999/xhtml\">IPS Personal Relationship</div>"},"url":"http://hl7.org/fhir/uv/ips/ValueSet/personal-relationship-uv-ips","identifier":[{"use":"official","system":"http://art-decor.org/ns/oids/vs","value":"2.16.840.1.113883.11.22.54"}],"version":"0.3.0","name":"IPSPersonalRelationship","title":"IPS Personal Relationship","status":"draft","experimental":false,"date":"2019-08-08T03:08:00+00:00","publisher":"HL7 International","contact":[{"name":"HL7 International","telecom":[{"system":"phone","value":"+1 734 677 7777"},{"system":"fax","value":"+1 734 677 6622"},{"system":"email","value":"info@hl7.org"}]}],"description":"The Value Set is used (optionally) to code the type of contact relationship between a person and the patient.","jurisdiction":[{"coding":[{"system":"http://unstats.un.org/unsd/methods/m49/m49.htm","code":"001","display":"World"}]}],"immutable":false,"compose":{"include":[{"system":"http://terminology.hl7.org/CodeSystem/v3-RoleCode","concept":[{"code":"AUNT","display":"aunt"},{"code":"CHILD","display":"child"},{"code":"CHLDADOPT","display":"adopted child"},{"code":"CHLDFOST","display":"foster child"},{"code":"CHLDINLAW","display":"child in-law"},{"code":"COUSN","display":"cousin"},{"code":"DAU","display":"natural daughter"},{"code":"DAUADOPT","display":"adopted daughter"},{"code":"DAUC","display":"daughter"},{"code":"DAUFOST","display":"foster daughter"},{"code":"DAUINLAW","display":"daughter in-law"},{"code":"DOMPART","display":"domestic partner"},{"code":"FAMMEMB","display":"family member"},{"code":"FRND","display":"unrelated friend"},{"code":"FTH","display":"father"},{"code":"FTHINLAW","display":"father-in-law"},{"code":"GGRPRN","display":"great grandparent"},{"code":"GRNDCHILD","display":"grandchild"},{"code":"GRPRN","display":"grandparent"},{"code":"MTH","display":"mother"},{"code":"MTHINLAW","display":"mother-in-law"},{"code":"NBOR","display":"neighbor"},{"code":"NCHILD","display":"natural child"},{"code":"NIENEPH","display":"niece/nephew"},{"code":"PRN","display":"parent"},{"code":"PRNINLAW","display":"parent in-law"},{"code":"ROOM","display":"roomate"},{"code":"SIB","display":"sibling"},{"code":"SIGOTHR","display":"significant other"},{"code":"SON","display":"natural son"},{"code":"SONADOPT","display":"adopted son"},{"code":"SONC","display":"son"},{"code":"SONFOST","display":"foster son"},{"code":"SONINLAW","display":"son in-law"},{"code":"SPS","display":"spouse"},{"code":"STPCHLD","display":"step child"},{"code":"STPDAU","display":"stepdaughter"},{"code":"STPSON","display":"stepson"},{"code":"UNCLE","display":"uncle"}]}]}}