{"resourceType":"ValueSet","id":"imaging-volume-measure-code-uv-ips","meta":{"profile":["http://hl7.org/fhir/StructureDefinition/shareablevalueset"]},"text":{"status":"generated","div":"<div xmlns=\"http://www.w3.org/1999/xhtml\">IPS Results Radiology Volume Measurements Observations</div>"},"url":"http://hl7.org/fhir/uv/ips/ValueSet/imaging-volume-measure-code-uv-ips","version":"0.3.0","name":"ImagingVolumeMeasureCodeUvIps","title":"IPS Results Radiology Volume Measurements Observations","status":"draft","experimental":false,"date":"2019-08-08T03:08:00+00:00","publisher":"HL7 International","contact":[{"name":"HL7 International","telecom":[{"system":"phone","value":"+1 734 677 7777"},{"system":"fax","value":"+1 734 677 6622"},{"system":"email","value":"info@hl7.org"}]}],"description":"IPS Results Radiology Volume Measurements Observations","jurisdiction":[{"coding":[{"system":"http://unstats.un.org/unsd/methods/m49/m49.htm","code":"001","display":"World"}]}],"immutable":false,"compose":{"include":[{"system":"http://dicom.nema.org/resources/ontology/DCM","concept":[{"code":"121216","display":"Volume estimated from single 2D region"},{"code":"121218","display":"Volume estimated from two non-coplanar 2D regions"},{"code":"121217","display":"Volume estimated from three or more non-coplanar 2D regions"},{"code":"121222","display":"Volume of sphere"},{"code":"121221","display":"Volume of ellipsoid"},{"code":"121220","display":"Volume of circumscribed sphere"},{"code":"121219","display":"Volume of bounding three dimensional region"}]},{"system":"http://snomed.info/sct","concept":[{"code":"118565006","display":"Volume"}]}]}}