{"resourceType":"ValueSet","id":"condition-severity-uv-ips","meta":{"profile":["http://hl7.org/fhir/StructureDefinition/shareablevalueset"]},"text":{"status":"generated","div":"<div xmlns=\"http://www.w3.org/1999/xhtml\">Problem Severity</div>"},"url":"http://hl7.org/fhir/uv/ips/ValueSet/condition-severity-uv-ips","identifier":[{"use":"official","system":"http://art-decor.org/ns/oids/vs","value":"2.16.840.1.113883.11.22.18"}],"version":"0.3.0","name":"IPSProblemSeverity","title":"Problem Severity","status":"draft","experimental":false,"date":"2019-08-08T03:08:00+00:00","publisher":"HL7 International","contact":[{"name":"HL7 International","telecom":[{"system":"phone","value":"+1 734 677 7777"},{"system":"fax","value":"+1 734 677 6622"},{"system":"email","value":"info@hl7.org"}]}],"description":"Problem Severity","jurisdiction":[{"coding":[{"system":"http://unstats.un.org/unsd/methods/m49/m49.htm","code":"001","display":"World"}]}],"immutable":false,"compose":{"include":[{"system":"http://loinc.org","concept":[{"code":"LA6752-5","display":"Mild"},{"code":"LA6751-7","display":"Moderate"},{"code":"LA6750-9","display":"Severe"}]}]}}