{"resourceType":"ValueSet","id":"pregnancy-status-uv-ips","meta":{"profile":["http://hl7.org/fhir/StructureDefinition/shareablevalueset"]},"text":{"status":"generated","div":"<div xmlns=\"http://www.w3.org/1999/xhtml\">IPS Pregnancy Status</div>"},"url":"http://hl7.org/fhir/uv/ips/ValueSet/pregnancy-status-uv-ips","version":"0.3.0","name":"PregnancyStatusUvIps","title":"IPS Pregnancy Status","status":"draft","experimental":false,"date":"2019-08-08T03:08:00+00:00","publisher":"HL7 International","contact":[{"name":"HL7 International","telecom":[{"system":"phone","value":"+1 734 677 7777"},{"system":"fax","value":"+1 734 677 6622"},{"system":"email","value":"info@hl7.org"}]}],"description":"IPS Pregnancy Status","jurisdiction":[{"coding":[{"system":"http://unstats.un.org/unsd/methods/m49/m49.htm","code":"001","display":"World"}]}],"immutable":false,"compose":{"include":[{"system":"http://loinc.org","concept":[{"code":"LA15173-0","display":"Pregnant"},{"code":"LA26683-5","display":"Not pregnant"},{"code":"LA4489-6","display":"Unknown"}]}]}}