{"resourceType":"ValueSet","id":"pregnancies-summary-uv-ips","meta":{"profile":["http://hl7.org/fhir/StructureDefinition/shareablevalueset"]},"text":{"status":"generated","div":"<div xmlns=\"http://www.w3.org/1999/xhtml\">IPS Pregnancies Summary</div>"},"url":"http://hl7.org/fhir/uv/ips/ValueSet/pregnancies-summary-uv-ips","identifier":[{"use":"official","system":"http://art-decor.org/ns/oids/vs","value":"2.16.840.1.113883.11.22.21"}],"version":"0.3.0","name":"IPSPregnanciesSummary","title":"IPS Pregnancies Summary","status":"draft","experimental":false,"date":"2019-08-08T03:08:00+00:00","publisher":"HL7 International","contact":[{"name":"HL7 International","telecom":[{"system":"phone","value":"+1 734 677 7777"},{"system":"fax","value":"+1 734 677 6622"},{"system":"email","value":"info@hl7.org"}]}],"description":"IPS Pregnancies Summary","jurisdiction":[{"coding":[{"system":"http://unstats.un.org/unsd/methods/m49/m49.htm","code":"001","display":"World"}]}],"immutable":false,"compose":{"include":[{"system":"http://loinc.org","concept":[{"code":"11636-8","display":"[#] Births.live"},{"code":"11637-6","display":"[#] Births.preterm"},{"code":"11638-4","display":"[#] Births.still living"},{"code":"11639-2","display":"[#] Births.term"},{"code":"11640-0","display":"[#] Births total"},{"code":"11612-9","display":"[#] Abortions"},{"code":"11613-7","display":"[#] Abortions.induced"},{"code":"11614-5","display":"[#] Abortions.spontaneous"},{"code":"33065-4","display":"[#] Ectopic pregnancy"}]}]}}