{"resourceType":"ValueSet","id":"pathology-and-vital-signs-observations","meta":{"profile":["http://hl7.org/fhir/StructureDefinition/shareablevalueset"]},"text":{"status":"generated","div":"<div xmlns=\"http://www.w3.org/1999/xhtml\"><h2>IPS Results Observation Pathology</h2><div><pre><code>Value Set Definition:\n\n LOINC {   {      COMPONENT not ( containing the word &amp;quot;panel&amp;quot; OR starting with &amp;quot;can pronounce&amp;quot; )      CLASS in {CYTO, HEM/BC, HL7.CYTOGEN, HL7.GENETICS, MOLPATH, MOLPATH.*, PATH}      STATUS in {ACTIVE}         CLASSTYPE in {1}                   ORDER_OBS in\n                {Observation, Both}   }  UNION  {    COMPONENT not ( containing the word &amp;quot;panel&amp;quot; OR starting with &amp;quot;can pronounce&amp;quot; )    STATUS in {ACTIVE}    CLASSTYPE in {2}    ORDER_OBS in {Observation, Both}    SYSTEM = ^Patient  }}\n</code></pre>\n<p>Note: This definition is only partially implemented and the current value set expansion contains more than the expected set of codes, as the required regex filters for the LOINC code system are not currently supported by the terminology service.</p>\n</div><p>This value set includes codes from the following code systems:</p><ul><li>Include codes from <a href=\"http://loinc.org\"><code>http://loinc.org</code></a> where STATUS  =  ACTIVE and <a href=\"http://loinc.org\"><code>http://loinc.org</code></a> where CLASSTYPE  =  1</li><li>Include codes from <a href=\"http://loinc.org\"><code>http://loinc.org</code></a> where STATUS  =  ACTIVE and <a href=\"http://loinc.org\"><code>http://loinc.org</code></a> where CLASSTYPE  =  2 and <a href=\"http://loinc.org\"><code>http://loinc.org</code></a> where SYSTEM  =  ^Patient</li></ul></div>"},"url":"http://hl7.org/fhir/uv/ips/ValueSet/pathology-and-vital-signs-observations","identifier":[{"use":"official","system":"http://art-decor.org/ns/oids/vs","value":"2.16.840.1.113883.11.22.41"}],"version":"0.3.0","name":"IPSPathResultsObservation","title":"IPS Results Observation Pathology","status":"draft","experimental":false,"date":"2019-08-08T03:08:00+00:00","publisher":"HL7 International","contact":[{"name":"HL7 International","telecom":[{"system":"phone","value":"+1 734 677 7777"},{"system":"fax","value":"+1 734 677 6622"},{"system":"email","value":"info@hl7.org"}]}],"description":"\n    Value Set Definition:\n    \n     LOINC {   {      COMPONENT not ( containing the word \"panel\" OR starting with \"can pronounce\" )      CLASS in {CYTO, HEM/BC, HL7.CYTOGEN, HL7.GENETICS, MOLPATH, MOLPATH.*, PATH}      STATUS in {ACTIVE}         CLASSTYPE in {1}                   ORDER_OBS in\n                    {Observation, Both}   }  UNION  {    COMPONENT not ( containing the word \"panel\" OR starting with \"can pronounce\" )    STATUS in {ACTIVE}    CLASSTYPE in {2}    ORDER_OBS in {Observation, Both}    SYSTEM = ^Patient  }}\n\nNote: This definition is only partially implemented and the current value set expansion contains more than the expected set of codes, as the required regex filters for the LOINC code system are not currently supported by the terminology service.","jurisdiction":[{"coding":[{"system":"http://unstats.un.org/unsd/methods/m49/m49.htm","code":"001","display":"World"}]}],"immutable":false,"compose":{"include":[{"system":"http://loinc.org","filter":[{"property":"STATUS","op":"=","value":"ACTIVE"},{"property":"CLASSTYPE","op":"=","value":"1"}]},{"system":"http://loinc.org","filter":[{"property":"STATUS","op":"=","value":"ACTIVE"},{"property":"CLASSTYPE","op":"=","value":"2"},{"property":"SYSTEM","op":"=","value":"^Patient"}]}]}}