{"resourceType":"ValueSet","id":"imaging-numobs-uv-ips","meta":{"profile":["http://hl7.org/fhir/StructureDefinition/shareablevalueset"]},"text":{"status":"generated","div":"<div xmlns=\"http://www.w3.org/1999/xhtml\">Extensible value set including:\n    <ul>\n\t\t\t\t<li>DICOM CID 7470 for ”Linear Measurement”</li>\n\t\t\t\t<li>DICOM CID 7471 for ”Area Measurement”</li>\n\t\t\t\t<li>DICOM CID 7472 for ”Volume Measurement”</li>\n\t\t\t</ul>\n\t\t</div>"},"url":"http://hl7.org/fhir/uv/ips/ValueSet/imaging-numobs-uv-ips","version":"0.3.0","name":"IPSMeasuresRadResultsObservation","title":"IPS Results Radiology Measurements","status":"draft","experimental":false,"date":"2019-08-08T03:08:00+00:00","publisher":"HL7 International","contact":[{"name":"HL7 International","telecom":[{"system":"phone","value":"+1 734 677 7777"},{"system":"fax","value":"+1 734 677 6622"},{"system":"email","value":"info@hl7.org"}]}],"description":"Extensible value set including DICOM CIDs for Linear, Area and Volume Measurements","jurisdiction":[{"coding":[{"system":"http://unstats.un.org/unsd/methods/m49/m49.htm","code":"001","display":"World"}]}],"immutable":false,"compose":{"include":[{"valueSet":["http://hl7.org/fhir/uv/ips/ValueSet/imaging-linear-measure-code-uv-ips","http://hl7.org/fhir/uv/ips/ValueSet/imaging-area-measure-code-uv-ips","http://hl7.org/fhir/uv/ips/ValueSet/imaging-volume-measure-code-uv-ips"]}]}}