{"resourceType":"ValueSet","id":"specimen-type-uv-ips","meta":{"profile":["http://hl7.org/fhir/StructureDefinition/shareablevalueset"]},"text":{"status":"generated","div":"<div xmlns=\"http://www.w3.org/1999/xhtml\">IPS Specimen Type</div>"},"url":"http://hl7.org/fhir/uv/ips/ValueSet/specimen-type-uv-ips","version":"0.3.0","name":"SpecimenTypeUvIps","title":"IPS Specimen Type","status":"draft","experimental":false,"date":"2019-08-08T03:08:00+00:00","publisher":"HL7 International","contact":[{"name":"HL7 International","telecom":[{"system":"phone","value":"+1 734 677 7777"},{"system":"fax","value":"+1 734 677 6622"},{"system":"email","value":"info@hl7.org"}]}],"description":"IPS Specimen Type","jurisdiction":[{"coding":[{"system":"http://unstats.un.org/unsd/methods/m49/m49.htm","code":"001","display":"World"}]}],"immutable":false,"compose":{"include":[{"system":"http://snomed.info/sct","concept":[{"code":"119325001","display":"Skin (tissue) specimen (specimen)"},{"code":"309066003","display":"Skin biopsy sample (specimen)"},{"code":"309068002","display":"Skin lesion sample (specimen)"},{"code":"258505006","display":"Skin ulcer swab (specimen)"},{"code":"309075001","display":"Skin cyst sample (specimen)"},{"code":"122593002","display":"Tissue specimen obtained from ulcer (specimen)"},{"code":"119323008","display":"Pus specimen (specimen)"},{"code":"446302006","display":"Air sample (specimen)"},{"code":"119318008","display":"Water specimen (specimen)"},{"code":"119376003","display":"Tissue specimen (specimen)"},{"code":"408654003","display":"Specimen obtained by amputation (specimen)"},{"code":"119312009","display":"Catheter tip specimen (specimen)"},{"code":"119295008","display":"Specimen obtained by aspiration (specimen)"},{"code":"119304001","display":"Blood bag specimen (specimen)"},{"code":"119300005","display":"Specimen from blood product (specimen)"},{"code":"119297000","display":"Blood specimen (specimen)"},{"code":"119345009","display":"Menstrual blood specimen (specimen)"},{"code":"122556008","display":"Cord blood specimen (specimen)"},{"code":"119294007","display":"Dried blood specimen (specimen)"},{"code":"122555007","display":"Venous blood specimen (specimen)"},{"code":"122552005","display":"Arterial blood specimen (specimen)"},{"code":"122554006","display":"Capillary blood specimen (specimen)"},{"code":"122560006","display":"Blood specimen from blood donor (specimen)"},{"code":"258580003","display":"Whole blood sample (specimen)"},{"code":"440500007","display":"Blood spot specimen (specimen)"},{"code":"119351004","display":"Erythrocyte specimen (specimen)"},{"code":"258591005","display":"White blood cell sample (specimen)"},{"code":"309049000","display":"Lesion sample (specimen)"},{"code":"472896000","display":"Swab from blister (specimen)"},{"code":"258482009","display":"Vesicle fluid sample (specimen)"},{"code":"119341000","display":"Bile specimen (specimen)"},{"code":"430268003","display":"Specimen from bone (specimen)"},{"code":"119367005","display":"Specimen from burn injury (specimen)"},{"code":"258415003","display":"Biopsy sample (specimen)"},{"code":"119336008","display":"Exhaled air specimen (specimen)"},{"code":"258603007","display":"Respiratory sample (specimen)"},{"code":"119337004","display":"Inhaled gas specimen (specimen)"},{"code":"309176002","display":"Bronchial brushings sample (specimen)"},{"code":"122609004","display":"Specimen from lung obtained by bronchial washing procedure (specimen)"},{"code":"302795002","display":"Lymph node aspirate (specimen)"},{"code":"119350003","display":"Calculus specimen (specimen)"},{"code":"309051001","display":"Body fluid sample (specimen)"},{"code":"446562005","display":"Body fluid specimen obtained via sump drain (specimen)"},{"code":"119311002","display":"Catheter specimen (specimen)"},{"code":"119327009","display":"Nail specimen (specimen)"},{"code":"119401005","display":"Specimen from conjunctiva (specimen)"},{"code":"258498002","display":"Conjunctival swab (specimen)"},{"code":"119329007","display":"Colostrum specimen (specimen)"},{"code":"399713008","display":"Specimen from uterine cervix obtained by cone biopsy (specimen)"},{"code":"258453008","display":"Cyst fluid sample (specimen)"},{"code":"119335007","display":"Coughed sputum specimen (specimen)"},{"code":"258609006","display":"Sputum specimen obtained by aspiration from trachea (specimen)"},{"code":"119334006","display":"Sputum specimen (specimen)"},{"code":"122877000","display":"Upper respiratory fluid specimen obtained by tracheal aspiration (specimen)"},{"code":"119360007","display":"Dialysis fluid specimen (specimen)"},{"code":"258455001","display":"Drainage fluid sample (specimen)"},{"code":"122580007","display":"Cerumen specimen (specimen)"},{"code":"309210009","display":"Esophageal brushings sample (specimen)"},{"code":"258440005","display":"Effusion sample (specimen)"},{"code":"119320006","display":"Food specimen (specimen)"},{"code":"258441009","display":"Exudate sample (specimen)"},{"code":"168139001","display":"Peritoneal fluid sample (specimen)"},{"code":"119370009","display":"Specimen from fistula (specimen)"},{"code":"258442002","display":"Fluid sample (specimen)"},{"code":"309502007","display":"Fetus specimen (specimen)"},{"code":"168137004","display":"Gastric aspirate sample (specimen)"},{"code":"168138009","display":"Gastric lavage aspirate sample (specimen)"},{"code":"309213006","display":"Gastric brushings sample (specimen)"},{"code":"258459007","display":"Gastric fluid sample (specimen)"},{"code":"309211008","display":"Gastric biopsy sample (specimen)"},{"code":"119394009","display":"Specimen from vagina (specimen)"},{"code":"440493002","display":"Graft specimen from patient (specimen)"},{"code":"439961009","display":"Implant submitted as specimen (specimen)"},{"code":"438660002","display":"Specimen from prosthetic device (specimen)"},{"code":"258649003","display":"Intravenous infusion fluid sample (specimen)"},{"code":"258463000","display":"Jejunal fluid sample (specimen)"},{"code":"119332005","display":"Synovial fluid specimen (specimen)"},{"code":"258607008","display":"Bronchoalveolar lavage fluid sample (specimen)"},{"code":"440137008","display":"Specimen obtained by peritoneal lavage (specimen)"},{"code":"440473005","display":"Contact lens submitted as specimen (specimen)"},{"code":"258450006","display":"Cerebrospinal fluid sample (specimen)"},{"code":"446861007","display":"Cerebrospinal fluid specimen obtained via ventriculoperitoneal shunt (specimen)"},{"code":"258435002","display":"Tumor tissue sample (specimen)"},{"code":"258474009","display":"Sinus fluid sample (specimen)"},{"code":"302794003","display":"Nasogastric aspirate (specimen)"},{"code":"168141000","display":"Nasal fluid sample (specimen)"},{"code":"119371008","display":"Specimen from abscess (specimen)"},{"code":"119361006","display":"Plasma specimen (specimen)"},{"code":"119305000","display":"Plasma bag specimen (specimen)"},{"code":"119364003","display":"Serum specimen (specimen)"},{"code":"119362004","display":"Platelet poor plasma specimen (specimen)"},{"code":"119363009","display":"Platelet rich plasma specimen (specimen)"},{"code":"119365002","display":"Specimen from wound (specimen)"},{"code":"119366001","display":"Specimen from wound abscess (specimen)"},{"code":"122566000","display":"Fluid specimen from wound (specimen)"},{"code":"122568004","display":"Exudate specimen from wound (specimen)"},{"code":"278020009","display":"Spot urine sample (specimen)"},{"code":"122575003","display":"Urine specimen (specimen)"},{"code":"122880004","display":"Urine specimen obtained by clean catch procedure (specimen)"},{"code":"446846006","display":"Urine specimen obtained via indwelling urinary catheter (specimen)"},{"code":"258574006","display":"Mid-stream urine sample (specimen)"},{"code":"122565001","display":"Urinary catheter specimen (specimen)"},{"code":"119339001","display":"Stool specimen (specimen)"},{"code":"119342007","display":"Saliva specimen (specimen)"},{"code":"432825001","display":"Body secretion specimen (specimen)"},{"code":"119349003","display":"Spermatozoa specimen (specimen)"},{"code":"258438000","display":"Vitreous humor sample (specimen)"},{"code":"122572000","display":"Vomitus specimen (specimen)"},{"code":"258530009","display":"Urethral swab (specimen)"},{"code":"472881004","display":"Swab from pharynx (specimen)"},{"code":"258528007","display":"Rectal swab (specimen)"},{"code":"309166000","display":"Ear swab sample (specimen)"},{"code":"258523003","display":"Vulval swab (specimen)"},{"code":"119344008","display":"Specimen from genital system (specimen)"},{"code":"472867001","display":"Swab from tonsil (specimen)"},{"code":"119395005","display":"Specimen from uterine cervix (specimen)"},{"code":"702701006","display":"Specimen from cervix or vagina (specimen)"},{"code":"698276005","display":"First stream urine sample (specimen)"},{"code":"258503004","display":"Skin swab (specimen)"},{"code":"708048008","display":"Plasma specimen with citrate (specimen)"},{"code":"446272009","display":"Blood specimen submitted in heparinized collection tube (specimen)"},{"code":"122554006","display":"Capillary blood specimen (specimen)"},{"code":"258520000","display":"Vaginal swab (specimen)"},{"code":"258502009","display":"Pus swab (specimen)"},{"code":"258531008","display":"Wound swab (specimen)"},{"code":"309067007","display":"Specimen from skin obtained by curettage (specimen)"},{"code":"258500001","display":"Nasopharyngeal swab (specimen)"},{"code":"257261003","display":"Swab (specimen)"}]}]}}