{"resourceType":"ValueSet","id":"allergy-reaction-uv-ips","meta":{"profile":["http://hl7.org/fhir/StructureDefinition/shareablevalueset"]},"text":{"status":"generated","div":"<div xmlns=\"http://www.w3.org/1999/xhtml\">Allergy Reaction</div>"},"url":"http://hl7.org/fhir/uv/ips/ValueSet/allergy-reaction-uv-ips","identifier":[{"use":"official","system":"http://art-decor.org/ns/oids/vs","value":"2.16.840.1.113883.11.22.3"}],"version":"0.3.0","name":"IPSAllergyReaction","title":"Allergy Reaction","status":"draft","experimental":false,"date":"2019-08-08T03:08:00+00:00","publisher":"HL7 International","contact":[{"name":"HL7 International","telecom":[{"system":"phone","value":"+1 734 677 7777"},{"system":"fax","value":"+1 734 677 6622"},{"system":"email","value":"info@hl7.org"}]}],"description":"Allergy Reaction","jurisdiction":[{"coding":[{"system":"http://unstats.un.org/unsd/methods/m49/m49.htm","code":"001","display":"World"}]}],"immutable":false,"copyright":"Licensing note: This artefact includes content from SNOMED Clinical Terms® (SNOMED CT®) which is copyright of the International Health Terminology Standards Development Organisation (IHTSDO). Implementers of these artefacts must have the appropriate SNOMED CT Affiliate license - for more information contact http://www.snomed.org/snomed-ct/getsnomed-ct or info@snomed.org.","compose":{"include":[{"system":"http://snomed.info/sct","concept":[{"code":"1985008","display":"Vomitus"},{"code":"9826008","display":"Bronchospasm"},{"code":"9826008","display":"Conjunctivitis"},{"code":"23067006","display":"Toxic epidermal necrolysis"},{"code":"23924001","display":"Tight chest"},{"code":"24079001","display":"Atopic dermatitis"},{"code":"31996006","display":"Vasculitis"},{"code":"39579001","display":"Anaphylaxis"},{"code":"41291007","display":"Angio-oedema"},{"code":"43116000","display":"Eczema"},{"code":"49727002","display":"Cough"},{"code":"51599000","display":"Oedema of larynx"},{"code":"62315008","display":"Diarrhoea"},{"code":"70076002","display":"Rhinitis"},{"code":"73442001","display":"Stevens-Johnson syndrome"},{"code":"76067001","display":"Sneezing"},{"code":"91175000","display":"Seizure"},{"code":"126485001","display":"Urticaria"},{"code":"162290004","display":"Dry eyes"},{"code":"195967001","display":"Asthma"},{"code":"247472004","display":"Weal"},{"code":"267036007","display":"Dyspnoea"},{"code":"271757001","display":"Papular eruption"},{"code":"271759003","display":"Bullous eruption"},{"code":"271807003","display":"Eruption of skin"},{"code":"359610006","display":"Ocular hyperaemia"},{"code":"410430005","display":"Cardiorespiratory arrest"},{"code":"418363000","display":"Itching of skin"},{"code":"422587007","display":"Nausea"},{"code":"698247007","display":"Cardiac arrhythmia"},{"code":"702809001","display":"Drug reaction with eosinophilia and systemic symptoms"}]}]}}