{"resourceType":"ValueSet","id":"medicine-doseform","meta":{"profile":["http://hl7.org/fhir/StructureDefinition/shareablevalueset"]},"text":{"status":"generated","div":"<div xmlns=\"http://www.w3.org/1999/xhtml\">This Value Set includes all the EDQM Standard Terms having <ul>\n\t\t\t\t<li>[Concept Status] = ‘Current’   AND </li>\n\t\t\t\t<li> [Concept Class] IN (‘PDF’ ; ‘CMT’; ‘CDF’; ‘PFT')   AND</li>\n\t\t\t\t<li>[Domain] = 'Human and Veterinary'</li>\n\t\t\t</ul>\n        PDF  = Pharmaceutical dose form; CMT = Combined terms; CDF = Combined pharmaceutical dose form; PFT = Patient Friendly.<br/>\n        The list of values reported hereafter is provided only as exemplification</div>"},"url":"http://hl7.org/fhir/uv/ips/ValueSet/medicine-doseform","identifier":[{"use":"official","system":"http://art-decor.org/ns/oids/vs","value":"2.16.840.1.113883.11.22.25"}],"version":"0.3.0","name":"IPSDoseForm","title":"Medicine Doseform","status":"draft","experimental":false,"date":"2019-08-08T03:08:00+00:00","publisher":"HL7 International","contact":[{"name":"HL7 International","telecom":[{"system":"phone","value":"+1 734 677 7777"},{"system":"fax","value":"+1 734 677 6622"},{"system":"email","value":"info@hl7.org"}]}],"description":"EDQM Dose Form codes","jurisdiction":[{"coding":[{"system":"http://unstats.un.org/unsd/methods/m49/m49.htm","code":"001","display":"World"}]}],"immutable":false,"compose":{"include":[{"system":"http://standardterms.edqm.eu","concept":[{"code":"10101000","display":"Oral drops, solution"},{"code":"10102000","display":"Oral drops, suspension"},{"code":"10103000","display":"Oral drops, emulsion"},{"code":"10104000","display":"Oral liquid"},{"code":"10105000","display":"Oral solution"},{"code":"10106000","display":"Oral suspension"},{"code":"10107000","display":"Oral emulsion"},{"code":"10108000","display":"Oral gel"},{"code":"10109000","display":"Oral paste"},{"code":"10110000","display":"Powder for oral solution"},{"code":"10111000","display":"Powder for oral suspension"},{"code":"10112000","display":"Granules for oral solution"},{"code":"10113000","display":"Granules for oral suspension"},{"code":"10114000","display":"Powder and solvent for oral solution"},{"code":"10115000","display":"Powder and solvent for oral suspension"},{"code":"10116000","display":"Lyophilisate for suspension"},{"code":"10117000","display":"Syrup"},{"code":"10118000","display":"Powder for syrup"},{"code":"10119000","display":"Granules for syrup"},{"code":"10120000","display":"Soluble tablet"},{"code":"10121000","display":"Dispersible tablet"},{"code":"10122000","display":"Herbal tea"},{"code":"10201000","display":"Oral powder"},{"code":"10202000","display":"Instant herbal tea"},{"code":"10203000","display":"Effervescent powder"},{"code":"10204000","display":"Granules"},{"code":"10205000","display":"Effervescent granules"},{"code":"10206000","display":"Gastro-resistant granules"},{"code":"10207000","display":"Prolonged-release granules"},{"code":"10208000","display":"Modified-release granules"},{"code":"10209000","display":"Cachet"},{"code":"10210000","display":"Capsule, hard"},{"code":"10211000","display":"Capsule, soft"},{"code":"10212000","display":"Gastro-resistant capsule, hard"},{"code":"10213000","display":"Gastro-resistant capsule, soft"},{"code":"10214000","display":"Chewable capsule, soft"},{"code":"10215000","display":"Prolonged-release capsule, hard"},{"code":"10216000","display":"Prolonged-release capsule, soft"},{"code":"10217000","display":"Modified-release capsule, hard"},{"code":"10218000","display":"Modified-release capsule, soft"},{"code":"10219000","display":"Tablet"},{"code":"10220000","display":"Coated tablet"},{"code":"10221000","display":"Film-coated tablet"},{"code":"10222000","display":"Effervescent tablet"},{"code":"10223000","display":"Orodispersible tablet"},{"code":"10224000","display":"Oral lyophilisate"},{"code":"10225000","display":"Gastro-resistant tablet"},{"code":"10226000","display":"Prolonged-release tablet"},{"code":"10227000","display":"Modified-release tablet"},{"code":"10228000","display":"Chewable tablet"},{"code":"10229000","display":"Medicated chewing-gum"},{"code":"10230000","display":"Oral gum"},{"code":"10231000","display":"Pillules"},{"code":"10236100","display":"Orodispersible film"},{"code":"10301000","display":"Gargle"},{"code":"10302000","display":"Concentrate for gargle"},{"code":"10303000","display":"Gargle, powder for solution"},{"code":"10304000","display":"Gargle, tablet for solution"},{"code":"10305000","display":"Oromucosal solution"},{"code":"10306000","display":"Oromucosal suspension"},{"code":"10307000","display":"Oromucosal drops"},{"code":"10308000","display":"Oromucosal spray"},{"code":"10309000","display":"Sublingual spray"},{"code":"10310000","display":"Mouthwash"},{"code":"10311000","display":"Mouthwash, tablet for solution"},{"code":"10312000","display":"Gingival solution"},{"code":"10313000","display":"Oromucosal gel"},{"code":"10314000","display":"Oromucosal paste"},{"code":"10314005","display":"Oromucosal ointment"},{"code":"10314010","display":"Oromucosal cream"},{"code":"10314011","display":"Buccal film"},{"code":"10315000","display":"Gingival gel"},{"code":"10316000","display":"Gingival paste"},{"code":"10317000","display":"Oromucosal capsule"},{"code":"10318000","display":"Sublingual tablet"},{"code":"10319000","display":"Muco-adhesive buccal tablet"},{"code":"10320000","display":"Buccal tablet"},{"code":"10321000","display":"Lozenge"},{"code":"10322000","display":"Compressed lozenge"},{"code":"10323000","display":"Pastille"},{"code":"10401000","display":"Periodontal powder"},{"code":"10402000","display":"Dental gel"},{"code":"10403000","display":"Dental stick"},{"code":"10404000","display":"Dental insert"},{"code":"10405000","display":"Dental powder"},{"code":"10406000","display":"Dental solution"},{"code":"10407000","display":"Dental suspension"},{"code":"10408000","display":"Dental emulsion"},{"code":"10409000","display":"Toothpaste"},{"code":"10410000","display":"Periodontal gel"},{"code":"10411000","display":"Periodontal insert"},{"code":"10501000","display":"Bath additive"},{"code":"10502000","display":"Cream"},{"code":"10503000","display":"Gel"},{"code":"10504000","display":"Ointment"},{"code":"10505000","display":"Cutaneous paste"},{"code":"10506000","display":"Medicated plaster"},{"code":"10507000","display":"Cutaneous foam"},{"code":"10508000","display":"Shampoo"},{"code":"10509000","display":"Cutaneous spray, solution"},{"code":"10510000","display":"Cutaneous spray, suspension"},{"code":"10511000","display":"Cutaneous spray, powder"},{"code":"10512000","display":"Cutaneous liquid"},{"code":"10513000","display":"Cutaneous solution"},{"code":"10514000","display":"Concentrate for cutaneous solution"},{"code":"10515000","display":"Cutaneous suspension"},{"code":"10516000","display":"Cutaneous emulsion"},{"code":"10517000","display":"Cutaneous powder"},{"code":"10517500","display":"Cutaneous patch"},{"code":"10518000","display":"Solution for iontophoresis"},{"code":"10519000","display":"Transdermal patch"},{"code":"10520000","display":"Collodion"},{"code":"10521000","display":"Medicated nail lacquer"},{"code":"10521500","display":"Nail solution"},{"code":"10522000","display":"Poultice"},{"code":"10523000","display":"Cutaneous stick"},{"code":"10524000","display":"Cutaneous sponge"},{"code":"10525000","display":"Impregnated dressing"},{"code":"10539500","display":"Scrub"},{"code":"10546500","display":"Transdermal spray, solution"},{"code":"10547000","display":"Transdermal system"},{"code":"10548000","display":"Solution for skin-prick test"},{"code":"10549000","display":"Solution for skin-scratch test"},{"code":"10550000","display":"Plaster for provocation test"},{"code":"10601000","display":"Eye cream"},{"code":"10602000","display":"Eye gel"},{"code":"10603000","display":"Eye ointment"},{"code":"10604000","display":"Eye drops, solution"},{"code":"10604500","display":"Eye drops, emulsion"},{"code":"10605000","display":"Eye drops, suspension"},{"code":"10606000","display":"Eye drops, powder and solvent for solution"},{"code":"10607000","display":"Eye drops, powder and solvent for suspension"},{"code":"10608000","display":"Eye drops, solvent for reconstitution"},{"code":"10609000","display":"Eye drops, prolonged-release"},{"code":"10610000","display":"Eye lotion"},{"code":"10611000","display":"Eye lotion, solvent for reconstitution"},{"code":"10612000","display":"Ophthalmic insert"},{"code":"10613000","display":"Ophthalmic strip"},{"code":"10701000","display":"Ear cream"},{"code":"10702000","display":"Ear gel"},{"code":"10703000","display":"Ear ointment"},{"code":"10704000","display":"Ear drops, solution"},{"code":"10705000","display":"Ear drops, suspension"},{"code":"10706000","display":"Ear drops, emulsion"},{"code":"10707000","display":"Ear drops, powder and solvent for suspension"},{"code":"10708000","display":"Ear powder"},{"code":"10709000","display":"Ear spray, solution"},{"code":"10710000","display":"Ear spray, suspension"},{"code":"10711000","display":"Ear spray, emulsion"},{"code":"10712000","display":"Ear wash, solution"},{"code":"10713000","display":"Ear wash, emulsion"},{"code":"10714000","display":"Ear tampon"},{"code":"10715000","display":"Ear stick"},{"code":"10801000","display":"Nasal cream"},{"code":"10802000","display":"Nasal gel"},{"code":"10803000","display":"Nasal ointment"},{"code":"10804000","display":"Nasal drops, solution"},{"code":"10805000","display":"Nasal drops, suspension"},{"code":"10806000","display":"Nasal drops, emulsion"},{"code":"10807000","display":"Nasal powder"},{"code":"10808000","display":"Nasal spray, solution"},{"code":"10809000","display":"Nasal spray, suspension"},{"code":"10810000","display":"Nasal spray, emulsion"},{"code":"10811000","display":"Nasal wash"},{"code":"10812000","display":"Nasal stick"},{"code":"10900500","display":"Intravaginal ring"},{"code":"10901000","display":"Vaginal cream"},{"code":"10902000","display":"Vaginal gel"},{"code":"10903000","display":"Vaginal ointment"},{"code":"10904000","display":"Vaginal foam"},{"code":"10905000","display":"Vaginal solution"},{"code":"10906000","display":"Vaginal suspension"},{"code":"10907000","display":"Vaginal emulsion"},{"code":"10908000","display":"Tablet for vaginal solution"},{"code":"10909000","display":"Pessary"},{"code":"10910000","display":"Vaginal capsule, hard"},{"code":"10911000","display":"Vaginal capsule, soft"},{"code":"10912000","display":"Vaginal tablet"},{"code":"10913000","display":"Effervescent vaginal tablet"},{"code":"10914000","display":"Medicated vaginal tampon"},{"code":"10915000","display":"Vaginal delivery system"},{"code":"10916000","display":"Vaginal sponge"},{"code":"11001000","display":"Rectal cream"},{"code":"11002000","display":"Rectal gel"},{"code":"11003000","display":"Rectal ointment"},{"code":"11004000","display":"Rectal foam"},{"code":"11005000","display":"Rectal solution"},{"code":"11006000","display":"Rectal suspension"},{"code":"11007000","display":"Rectal emulsion"},{"code":"11008000","display":"Concentrate for rectal solution"},{"code":"11009000","display":"Powder for rectal solution"},{"code":"11010","display":"Oral drops"},{"code":"11010000","display":"Powder for rectal suspension"},{"code":"11011000","display":"Tablet for rectal solution"},{"code":"11012000","display":"Tablet for rectal suspension"},{"code":"11013000","display":"Suppository"},{"code":"11014000","display":"Rectal capsule"},{"code":"11015000","display":"Rectal tampon"},{"code":"11050","display":"Oral liquid"},{"code":"11101000","display":"Nebuliser solution"},{"code":"11102000","display":"Nebuliser suspension"},{"code":"11103000","display":"Powder for nebuliser suspension"},{"code":"11104000","display":"Powder for nebuliser solution"},{"code":"11105000","display":"Nebuliser emulsion"},{"code":"11106000","display":"Pressurised inhalation, solution"},{"code":"11107000","display":"Pressurised inhalation, suspension"},{"code":"11108000","display":"Pressurised inhalation, emulsion"},{"code":"11109000","display":"Inhalation powder"},{"code":"11110000","display":"Inhalation powder, hard capsule"},{"code":"11111000","display":"Inhalation powder, pre-dispensed"},{"code":"11112000","display":"Inhalation vapour, powder"},{"code":"11113000","display":"Inhalation vapour, capsule"},{"code":"11114000","display":"Inhalation vapour, solution"},{"code":"11115000","display":"Inhalation vapour, tablet"},{"code":"11116000","display":"Inhalation vapour, ointment"},{"code":"11117000","display":"Inhalation vapour, liquid"},{"code":"11118000","display":"Inhalation gas"},{"code":"11201000","display":"Solution for injection"},{"code":"11202000","display":"Suspension for injection"},{"code":"11203000","display":"Emulsion for injection"},{"code":"11204000","display":"Gel for injection"},{"code":"11205000","display":"Powder for solution for injection"},{"code":"11206000","display":"Powder for suspension for injection"},{"code":"11207000","display":"Powder and solvent for solution for injection"},{"code":"11208000","display":"Powder and solvent for suspension for injection"},{"code":"11209000","display":"Concentrate for solution for injection"},{"code":"11210000","display":"Solution for infusion"},{"code":"11210500","display":"Solution for infusion in administration system"},{"code":"11211000","display":"Emulsion for infusion"},{"code":"11212000","display":"Powder for solution for infusion"},{"code":"11213000","display":"Concentrate for solution for infusion"},{"code":"11214000","display":"Powder and solvent for solution for infusion"},{"code":"11214500","display":"Lyophilisate and solvent for solution for injection"},{"code":"11215000","display":"Lyophilisate for solution for infusion"},{"code":"11216000","display":"Solvent for parenteral use"},{"code":"11217000","display":"Lyophilisate for solution for injection"},{"code":"11218000","display":"Lyophilisate for suspension for injection"},{"code":"11301000","display":"Implant"},{"code":"11302000","display":"Implantation tablet"},{"code":"11303000","display":"Implantation chain"},{"code":"11303500","display":"Implantation suspension"},{"code":"11304000","display":"Powder and solvent for implantation paste"},{"code":"11401000","display":"Solution for peritoneal dialysis"},{"code":"11402000","display":"Solution for haemofiltration"},{"code":"11403000","display":"Solution for haemodiafiltration"},{"code":"11404000","display":"Solution for haemodialysis"},{"code":"11405000","display":"Concentrate for haemodialysis solution"},{"code":"11501000","display":"Solution for intravesical use"},{"code":"11502000","display":"Bladder irrigation"},{"code":"11503000","display":"Powder for bladder irrigation"},{"code":"11504000","display":"Urethral gel"},{"code":"11505000","display":"Urethral stick"},{"code":"11601000","display":"Endotracheopulmonary instillation, solution"},{"code":"11602000","display":"Endotracheopulmonary instillation, powder for solution"},{"code":"11603000","display":"Endotracheopulmonary instillation, suspension"},{"code":"11604000","display":"Endotracheopulmonary instillation, powder and solvent for solution"},{"code":"11701000","display":"Endocervical gel"},{"code":"11702000","display":"Powder and solvent for endocervical gel"},{"code":"11901000","display":"Intrauterine delivery system"},{"code":"11902000","display":"Intrauterine solution"},{"code":"11903000","display":"Intrauterine suspension"},{"code":"11904000","display":"Intrauterine emulsion"},{"code":"11905000","display":"Intrauterine tablet"},{"code":"11906000","display":"Intrauterine capsule"},{"code":"12004000","display":"Nebulisation solution"},{"code":"12100","display":"Capsule"},{"code":"12100500","display":"Absorbable coated sponge"},{"code":"12101000","display":"Denture lacquer"},{"code":"12102000","display":"Anticoagulant and preservative solution for blood"},{"code":"12103000","display":"Solution for blood fraction modification"},{"code":"12104000","display":"Wound stick"},{"code":"12105000","display":"Radiopharmaceutical precursor"},{"code":"12106000","display":"Radionuclide generator"},{"code":"12107000","display":"Kit for radiopharmaceutical preparation"},{"code":"12108000","display":"Gastroenteral solution"},{"code":"12109000","display":"Dispersion"},{"code":"12109500","display":"Fibrin sealant-powder and solvent for fibrin sealant"},{"code":"12110000","display":"Gastroenteral suspension"},{"code":"12111000","display":"Gastroenteral emulsion"},{"code":"12112000","display":"Solution for organ preservation"},{"code":"12113000","display":"Irrigation solution"},{"code":"12114000","display":"Stomach irrigation"},{"code":"12115000","display":"Sealant"},{"code":"12115500","display":"Solution of perfusion of organs"},{"code":"12116000","display":"Powder and solvent for sealant"},{"code":"12117000","display":"Impregnated pad"},{"code":"12118000","display":"Living tissue equivalent"},{"code":"12119000","display":"Medicated sponge"},{"code":"12120","display":"Gastro-resistant capsule"},{"code":"12120000","display":"Intestinal gel"},{"code":"12130000","display":"Medicated thread"},{"code":"12131000","display":"Solution for provocation test"},{"code":"12150","display":"Prolonged-release capsule"},{"code":"12200","display":"Tablet"},{"code":"12301000","display":"Medicinal gas, compressed"},{"code":"12302000","display":"Medicinal gas, cryogenic"},{"code":"12303000","display":"Medicinal gas, liquefied"},{"code":"13050","display":"Oromucosal liquid"},{"code":"13220","display":"Lozenge"},{"code":"14050","display":"Dental liquid"},{"code":"15090","display":"Cutaneous spray"},{"code":"15130","display":"Cutaneous liquid"},{"code":"16040","display":"Eye drops"},{"code":"17040","display":"Ear drops"},{"code":"17090","display":"Ear spray"},{"code":"17120","display":"Ear wash"},{"code":"18040","display":"Nasal drops"},{"code":"18080","display":"Nasal spray"},{"code":"19050","display":"Vaginal liquid"},{"code":"19100","display":"Vaginal capsule"},{"code":"20050","display":"Enema"},{"code":"21010","display":"Nebuliser liquid"},{"code":"21060","display":"Pressurised inhalation"},{"code":"21100","display":"Inhalation powder"},{"code":"21140","display":"Inhalation vapour"},{"code":"22010","display":"Injection"},{"code":"22050","display":"Powder for injection"},{"code":"22090","display":"Sterile concentrate"},{"code":"22100","display":"Infusion"},{"code":"22120","display":"Powder for infusion"},{"code":"26010","display":"Endotracheopulmonary instillation"},{"code":"29020","display":"Intrauterine liquid"},{"code":"30047500","display":"Pouch"},{"code":"31030","display":"Blood fraction modifier"},{"code":"31080","display":"Gastroenteral liquid"},{"code":"50001000","display":"Chewable/dispersible tablet"},{"code":"50001250","display":"Coated granules in sachet"},{"code":"50001500","display":"Concentrate and diluent for solution for infusion"},{"code":"50002000","display":"Concentrate and solvent for concentrate for solution for infusion"},{"code":"50003000","display":"Concentrate and solvent for cutaneous solution"},{"code":"50004000","display":"Concentrate and solvent for cutaneous use"},{"code":"50005000","display":"Concentrate and solvent for injection"},{"code":"50006000","display":"Concentrate and solvent for solution for infusion"},{"code":"50007000","display":"Concentrate and solvent for solution for injection"},{"code":"50008000","display":"Concentrate and solvent for suspension for injection"},{"code":"50009000","display":"Concentrate for cutaneous spray, emulsion"},{"code":"50009300","display":"Concentrate for dispersion for infusion"},{"code":"50009500","display":"Concentrate for emulsion for infusion"},{"code":"50010000","display":"Concentrate for oral solution"},{"code":"50011000","display":"Concentrate for oral/rectal solution"},{"code":"50012000","display":"Concentrate for peritoneal dialysis solution"},{"code":"50013000","display":"Concentrate for solution for intravesical use"},{"code":"50013500","display":"Concentrate for spray emulsion"},{"code":"50014000","display":"Concentrate for suspension for infusion"},{"code":"50015000","display":"Cutaneous and nasal ointment"},{"code":"50015300","display":"Cutaneous/oromucosal/oral solution"},{"code":"50015400","display":"Cutaneous/oromucosal spray"},{"code":"50015500","display":"Cutaneous spray, emulsion"},{"code":"50016000","display":"Cutaneous spray, ointment"},{"code":"50017000","display":"Dental paste"},{"code":"50018000","display":"Ear/eye drops, solution"},{"code":"50019000","display":"Ear/eye oinment"},{"code":"50020000","display":"Ear/eye/nose drops, solution"},{"code":"50020500","display":"Effervescent buccal tablet"},{"code":"50021000","display":"Emulsion for injection/infusion"},{"code":"50021500","display":"Emulsion and suspension for emulsion for injection"},{"code":"50022000","display":"Endosinusial wash, suspension"},{"code":"50023000","display":"Eye drops, solution in single-dose container"},{"code":"50023500","display":"Film coated gastro-resistant tablet"},{"code":"50024000","display":"Gargle/mouthwash"},{"code":"50025000","display":"Gastro-resistant coated tablet"},{"code":"50026000","display":"Gastro-resistant granules for oral suspension"},{"code":"50026250","display":"Gastro-resistant prolonged-release tablet"},{"code":"50026500","display":"Granules and solvent for oral suspension"},{"code":"50027000","display":"Granules and solvent for suspension for injection"},{"code":"50028000","display":"Granules for oral and rectal suspension"},{"code":"50029000","display":"Granules for oral drops, solution"},{"code":"50029250","display":"Granules for use in drinking water"},{"code":"50029500","display":"Granules for vaginal solution"},{"code":"50029600","display":"Hard capsule with gastro-resistant pellets"},{"code":"50029700","display":"Herbal tea in bag"},{"code":"50030000","display":"Inhalation powder, tablet"},{"code":"50031000","display":"Inhalation vapour, effervescent tablet"},{"code":"50032000","display":"Inhalation vapour, emulsion"},{"code":"50033000","display":"Inhalation vapour, impregnated pad"},{"code":"50033300","display":"Intrauterine foam"},{"code":"50033500","display":"Intravitreal implant in applicator"},{"code":"50034000","display":"Liquefied gas for dental use"},{"code":"50035000","display":"Modified-release film-coated tablet"},{"code":"50036000","display":"Modified-release granules for oral suspension"},{"code":"50036100","display":"Muco-adhesive buccal prolonged-release tablet"},{"code":"50036500","display":"Nasal/oromucosal solution"},{"code":"50037000","display":"Nasal spray and oromucosal solution"},{"code":"50037250","display":"Nasal spray, solution in single-dose container"},{"code":"50037750","display":"Oral drops, liquid"},{"code":"50038000","display":"Oral/rectal suspension"},{"code":"50038500","display":"Oral solution/concentrate for nebuliser solution"},{"code":"50039000","display":"Oromucosal patch"},{"code":"50039300","display":"Oromucosal powder in pouch"},{"code":"50039500","display":"Oromucosal/laryngopharyngeal solution"},{"code":"50040000","display":"Oromucosal/laryngopharyngeal solution/spray"},{"code":"50041000","display":"Pillules in single-dose container"},{"code":"50041500","display":"Powder and solution for solution for injection"},{"code":"50042000","display":"Powder and solvent for concentrate for solution for infusion"},{"code":"50043000","display":"Powder for concentrate for solution for infusion"},{"code":"50044000","display":"Powder and solvent for cutaneous solution"},{"code":"50044500","display":"Powder and solvent for dispersion for injection"},{"code":"50045000","display":"Powder and solvent for endosinusial solution"},{"code":"50045500","display":"Powder and solvent for epilesional solution"},{"code":"50046000","display":"Powder and solvent for gingival gel"},{"code":"50047000","display":"Powder and solvent for instillation solution for intraocular use"},{"code":"50047500","display":"Powder and solvent for intravesical solution"},{"code":"50047700","display":"Powder and solvent for nebuliser solution"},{"code":"50048000","display":"Powder and solvent for prolonged-release suspension for injection"},{"code":"50048250","display":"Powder and solvent for solution for injection in pre-filled syringe"},{"code":"50048300","display":"Powder and solvent for suspension for injection in pre-filled syringe"},{"code":"50048500","display":"Powder and suspension for suspension for injection"},{"code":"50048600","display":"Powder, dispersion and solvent for concentrate for dispersion for injection"},{"code":"50048750","display":"Powder for concentrate for dispersion for infusion"},{"code":"50049000","display":"Powder for concentrate for haemodialysis solution,"},{"code":"50049100","display":"Powder for concentrate for intravesical suspension"},{"code":"50049250","display":"Powder for concentrate for solution for injection/infusion"},{"code":"50049270","display":"Powder for dental solution"},{"code":"50049300","display":"Powder for epilesional solution"},{"code":"50049500","display":"Powder for implantation suspension"},{"code":"50050000","display":"Powder for intravesical solution"},{"code":"50051000","display":"Powder for intravesical suspension"},{"code":"50051100","display":"Powder for mouth wash"},{"code":"50052000","display":"Powder for oral/rectal suspension"},{"code":"50053000","display":"Powder for solution for injection or infusion"},{"code":"50053500","display":"Powder for solution for injection/infusion"},{"code":"50054000","display":"Powder for solution for intravesical use"},{"code":"50055000","display":"Powder for solution for nasal spray"},{"code":"50055500","display":"Prolonged-release film-coated tablet"},{"code":"50056000","display":"Prolonged-release granules for oral suspension"},{"code":"50056500","display":"Radiopharmaceutical precursor, solution"},{"code":"50057000","display":"Solution for haemodialysis/haemofiltration"},{"code":"50058000","display":"Solution for infusion and oral solution"},{"code":"50059000","display":"Solution for injection/concentrate for solution for infusion"},{"code":"50060000","display":"Solution for injection/infusion"},{"code":"50060100","display":"Solution for injection in cartridge"},{"code":"50060200","display":"Solution for injection in pre-filled pen"},{"code":"50060300","display":"Solution for injection in pre-filled syringe"},{"code":"50060400","display":"Solution for injection in pre-filled syringe with automatic needle guard"},{"code":"50060500","display":"Solution for injection/infusion in pre-filled syringe"},{"code":"50061000","display":"Solution for intraperitoneal use"},{"code":"50061300","display":"Solution for use in drinking water"},{"code":"50061500","display":"Solution for sealant"},{"code":"50061600","display":"Solvent for nasal use"},{"code":"50062000","display":"Suspension and effervescent granules for oral suspension"},{"code":"50062500","display":"Suspension and solution for spray"},{"code":"50063000","display":"Suspension for infusion"},{"code":"50063100","display":"Suspension for injection in cartridge"},{"code":"50063200","display":"Suspension for injection in pre-filled pen"},{"code":"50063300","display":"Suspension for injection in pre-filled syringe"},{"code":"50063500","display":"Suspension for use in drinking water"},{"code":"50064000","display":"Tablet and solvent for rectal suspension"},{"code":"50065000","display":"Tablet and powder for oral solution"},{"code":"50066000","display":"Tablet for oral suspension"},{"code":"50070000","display":"Oral suspension for use in drinking water"},{"code":"50071000","display":"Powder and solvent for dental gel"},{"code":"50072000","display":"Powder for use in drinking water"},{"code":"50073000","display":"Powder for solution for intraocular irrigation"},{"code":"50074000","display":"Solvent for solution for intraocular irrigation"},{"code":"50076000","display":"Solvent for solution for infusion"},{"code":"50077000","display":"Dispersion for injection"},{"code":"50078000","display":"Gas and solvent for dispersion for injection/infusion"},{"code":"50079000","display":"Concentrate for solution for injection/infusion"},{"code":"50080000","display":"Powder and solvent for solution for injection/infusion"},{"code":"50081000","display":"Inhalation solution"},{"code":"50082000","display":"Oral drops, powder for suspension"}]}]}}