{"resourceType":"ValueSet","id":"absent-or-unknown-allergies-uv-ips","meta":{"profile":["http://hl7.org/fhir/StructureDefinition/shareablevalueset"]},"text":{"status":"generated","div":"<div xmlns=\"http://www.w3.org/1999/xhtml\">Absent or Unknown Allergies</div>"},"url":"http://hl7.org/fhir/uv/ips/ValueSet/absent-or-unknown-allergies-uv-ips","identifier":[{"use":"official","system":"http://art-decor.org/ns/oids/vs","value":"2.16.840.1.113883.11.22.9"}],"version":"0.3.0","name":"IPSNoAllergiesInfo","title":"Absent or Unknown Allergies","status":"draft","experimental":false,"date":"2019-08-08T03:08:00+00:00","publisher":"HL7 International","description":"Absent or Unknown Allergies","jurisdiction":[{"coding":[{"system":"http://unstats.un.org/unsd/methods/m49/m49.htm","code":"001","display":"World"}]}],"immutable":false,"compose":{"include":[{"system":"http://hl7.org/fhir/uv/ips/CodeSystem/absent-unknown-uv-ips","concept":[{"code":"no-allergy-info","display":"No information about allergies"},{"code":"no-known-allergies","display":"No known allergies"},{"code":"no-known-medication-allergies","display":"No known medication allergies"},{"code":"no-known-environmental-allergies","display":"No known environmental allergies"},{"code":"no-known-food-allergies","display":"No known food allergies"}]}]}}