{"resourceType":"ValueSet","id":"specimen-collection-method-uv-ips","meta":{"profile":["http://hl7.org/fhir/StructureDefinition/shareablevalueset"]},"text":{"status":"generated","div":"<div xmlns=\"http://www.w3.org/1999/xhtml\">IPS Specimen Collection Method</div>"},"url":"http://hl7.org/fhir/uv/ips/ValueSet/specimen-collection-method-uv-ips","version":"0.3.0","name":"SpecimenCollectionMethodUvIps","title":"IPS Specimen Collection Method","status":"draft","experimental":false,"date":"2019-08-08T03:08:00+00:00","publisher":"HL7 International","contact":[{"name":"HL7 International","telecom":[{"system":"phone","value":"+1 734 677 7777"},{"system":"fax","value":"+1 734 677 6622"},{"system":"email","value":"info@hl7.org"}]}],"description":"IPS Specimen Collection Method","jurisdiction":[{"coding":[{"system":"http://unstats.un.org/unsd/methods/m49/m49.htm","code":"001","display":"World"}]}],"immutable":false,"compose":{"include":[{"system":"http://snomed.info/sct","concept":[{"code":"129316008","display":"Aspiration - action"},{"code":"129314006","display":"Biopsy - action"},{"code":"129300006","display":"Puncture - action"},{"code":"129304002","display":"Excision - action"},{"code":"129323009","display":"Scraping - action"},{"code":"73416001","display":"Urine specimen collection, clean catch"},{"code":"225113003","display":"Timed urine collection"},{"code":"70777001","display":"Urine specimen collection, catheterized"},{"code":"386089008","display":"Collection of coughed sputum"},{"code":"278450005","display":"Finger-prick sampling"}]}]}}