{"resourceType":"ValueSet","id":"imaging-txtobs-code-uv-ips","meta":{"profile":["http://hl7.org/fhir/StructureDefinition/shareablevalueset"]},"text":{"status":"generated","div":"<div xmlns=\"http://www.w3.org/1999/xhtml\">IPS Results Radiology Textual Observations</div>"},"url":"http://hl7.org/fhir/uv/ips/ValueSet/imaging-txtobs-code-uv-ips","version":"0.3.0","name":"ImagingTxtobsCodeUvIps","title":"IPS Results Radiology Textual Observations","status":"draft","experimental":false,"date":"2019-08-08T03:08:00+00:00","publisher":"HL7 International","contact":[{"name":"HL7 International","telecom":[{"system":"phone","value":"+1 734 677 7777"},{"system":"fax","value":"+1 734 677 6622"},{"system":"email","value":"info@hl7.org"}]}],"description":"IPS Results Radiology Textual Observations","jurisdiction":[{"coding":[{"system":"http://unstats.un.org/unsd/methods/m49/m49.htm","code":"001","display":"World"}]}],"immutable":false,"compose":{"include":[{"system":"http://dicom.nema.org/resources/ontology/DCM","concept":[{"code":"121065","display":"Procedure Description"},{"code":"121069","display":"Previous Finding"},{"code":"121071","display":"Finding"},{"code":"121073","display":"Impression"},{"code":"121075","display":"Recommendation"},{"code":"121077","display":"Conclusion"},{"code":"121110","display":"Patient Presentation"},{"code":"121111","display":"Summary"}]},{"system":"http://loinc.org","concept":[{"code":"11329-0","display":"History"},{"code":"55115-0","display":"Request"}]},{"system":"http://snomed.info/sct","concept":[{"code":"116224001","display":"Complication of Procedure"}]}]}}