{"resourceType":"ValueSet","id":"edd-method-uv-ips","meta":{"profile":["http://hl7.org/fhir/StructureDefinition/shareablevalueset"]},"text":{"status":"generated","div":"<div xmlns=\"http://www.w3.org/1999/xhtml\">IPS Expected Delivery Date Method</div>"},"url":"http://hl7.org/fhir/uv/ips/ValueSet/edd-method-uv-ips","identifier":[{"use":"official","system":"http://art-decor.org/ns/oids/vs","value":"2.16.840.1.113883.11.22.20"}],"version":"0.3.0","name":"IPSExpectedDeliveryDateMethod","title":"IPS Expected Delivery Date Method","status":"draft","experimental":false,"date":"2019-08-08T03:08:00+00:00","publisher":"HL7 International","contact":[{"name":"HL7 International","telecom":[{"system":"phone","value":"+1 734 677 7777"},{"system":"fax","value":"+1 734 677 6622"},{"system":"email","value":"info@hl7.org"}]}],"description":"IPS Expected Delivery Date Method","jurisdiction":[{"coding":[{"system":"http://unstats.un.org/unsd/methods/m49/m49.htm","code":"001","display":"World"}]}],"immutable":false,"compose":{"include":[{"system":"http://loinc.org","concept":[{"code":"11778-8","display":"Delivery date Estimated"},{"code":"11779-6","display":"Delivery date Estimated from last menstrual period"},{"code":"11780-4","display":"Delivery date Estimated from ovulation date"}]}]}}