{"resourceType":"ValueSet","id":"absent-or-unknown-devices-uv-ips","meta":{"profile":["http://hl7.org/fhir/StructureDefinition/shareablevalueset"]},"text":{"status":"generated","div":"<div xmlns=\"http://www.w3.org/1999/xhtml\">Absent or Unknown Devices</div>"},"url":"http://hl7.org/fhir/uv/ips/ValueSet/absent-or-unknown-devices-uv-ips","identifier":[{"use":"official","system":"http://art-decor.org/ns/oids/vs","value":"2.16.840.1.113883.11.22.61"}],"version":"0.3.0","name":"IPSNoDevicesInfos","title":"Absent or Unknown Devices","status":"draft","experimental":false,"date":"2019-08-08T03:08:00+00:00","publisher":"HL7 International","description":"Absent or Unknown Devices","jurisdiction":[{"coding":[{"system":"http://unstats.un.org/unsd/methods/m49/m49.htm","code":"001","display":"World"}]}],"immutable":false,"compose":{"include":[{"system":"http://hl7.org/fhir/uv/ips/CodeSystem/absent-unknown-uv-ips","concept":[{"code":"no-device-info","display":"No information about device"},{"code":"no-known-devices","display":"No known devices in use"}]}]}}